YEAR_WEEK,PERIOD,DATE,RED_BULL_sales_litres,RED_BULL_DWD,RED_BULL_price,RED_BULL_pct_vol_promo,RED_BULL_vol_deal,COMPETITOR_sales_litres,COMPETITOR_DWD,COMPETITOR_price,COMPETITOR_pct_vol_promo,COMPETITOR_vol_deal,ConsAct_Total,CANS_SAMPLED_PRODUCTHIERARCHY,CANS_SEEDED_PRODUCTHIERARCHY,paid_grp_tv,paid_imp_disp,paid_imp_sem,paid_imp_social,paid_imp_webtv,paid_spend_cinema,paid_spend_ooh,paid_imp_social_camp1,paid_imp_social_camp2,paid_imp_social_camp3,paid_imp_social_camp4,paid_imp_social_camp5,paid_imp_webtv_camp1,paid_imp_webtv_camp2,paid_imp_webtv_camp3,Earned_sports_athletes_contacts,Earned_motorsports_athletes_contacts,managed_engvdv_culture,managed_engvdv_motorsports,managed_engvdv_sports,owned_sessions
2021-W01,1,1970-01-01 00:00:00.000043470,263772.6919148379,70.8569655013243,1.0381532351808571,29.273687659552266,11119.964666666667,482632.3828754138,61.8953447233085,0.49901663323211143,37.61957191216806,67795.34933333333,0.0,51.47186864444827,0.0,0.0,0.0,4706.8791998121305,416706.29181300005,384543.143058,0.0,1402.4958374129146,336199.290294,0.0,80507.00151900001,0.0,0.0,384543.143058,0.0,0.0,1900117.0939011753,1615476.1853071048,1.3719143203579154,1.0245231365767047,1.421238739672979,0.006606115318424342
2021-W02,2,1970-01-01 00:00:00.000043477,270893.7282404301,72.5369573848651,1.0458590764354214,27.264805586793,11637.553999999998,498765.2453810309,61.4223983693642,0.4991970555679236,31.839706068069802,61610.41333333333,0.0,47.33931421950085,0.0,0.0,0.0,5271.15890955149,573223.800939,3687508.209859857,2096.6328610161754,0.0,483020.41652100004,0.0,90203.384418,0.0,0.0,3687508.209859857,0.0,0.0,858775.584926783,1322696.2093505,0.6967683129673508,0.6868365441968937,0.9369029781791833,0.008059443751891823
2021-W03,3,1970-01-01 00:00:00.000043484,283590.5023092276,74.2702090094903,1.0099636192132715,33.32067838548253,16579.477333333332,513273.96485697577,55.1120082206971,0.4852166547557393,32.38991387905313,68221.81533333333,16.015898815642014,44.77414481360766,41.22414445815284,0.0,0.0,6203.143567354686,288920.017797,31261.494417,4153.28356336576,0.0,263379.251883,0.0,25540.765914000003,0.0,0.0,31261.494417,0.0,0.0,190535.06147298298,1768309.797410637,1.0502446182591543,0.7134266960195734,1.133331957668931,0.007093550259750468
2021-W04,4,1970-01-01 00:00:00.000043491,289841.1875493198,75.3858558373441,0.9759930751456143,41.15908716746333,23416.27666666667,490185.12829338264,53.015130884422,0.5024538908007535,30.9029494318688,58263.65666666667,194.90312389123525,107.98413195331813,121.54555662638812,0.0,0.0,3890.9813469161527,563744.652612,0.0,3304.097895773612,0.0,535267.29405,0.0,28477.358562,0.0,0.0,0.0,0.0,0.0,3298562.8541005407,21276.53979674657,0.3215770320642366,0.6842947237991845,1.689893118887845,0.005791973635674295
2021-W05,5,1970-01-01 00:00:00.000043498,295642.2060531953,74.2412017901084,1.0243282687723785,33.08606226854547,18206.053333333333,536770.5152111095,60.9057348735583,0.49714965396212074,31.889786925152332,74810.22333333334,167.29919329039924,48.65664008463764,68.8205455896817,0.0,0.0,5636.224028625404,426961.464846,119749.90349400001,0.0,0.0,369617.42672700004,0.0,57344.038119000004,0.0,0.0,119749.90349400001,0.0,0.0,1136004.9718237806,391594.10558969865,0.7792405413363457,1.2198895237484035,1.049144910302875,0.007154691334739582
2021-W06,6,1970-01-01 00:00:00.000043505,270440.2022629032,72.3560291166675,1.0675987368292856,30.182551103523803,12798.328,515006.19607923157,63.6779278102167,0.4900821006812193,42.0901342428908,90685.72933333334,325.65639395825696,40.24495161444382,60.77613859915784,0.0,0.0,2933.675923720526,579608.665257,259592.69625600002,0.0,0.0,495174.42909600004,0.0,84434.23616100001,0.0,0.0,259592.69625600002,0.0,0.0,1388668.2687620325,748473.1567930516,0.7316260264860213,0.4734735787981388,1.283285823757371,0.006560047804859118
2021-W07,7,1970-01-01 00:00:00.000043512,290888.9599142601,74.4449430463156,0.9549173672470787,32.733739883428264,12927.256666666666,499229.42521449993,63.449477027083205,0.49606593323048215,39.091140676514,80308.75866666668,513.265552437522,56.49750676060072,4.136709520028589,0.0,1058039.1703776172,2810.695168765314,597742.517451,508215.046626,5541.48887152014,0.0,452107.02087600005,0.0,145635.496575,0.0,0.0,508215.046626,0.0,0.0,459933.36925784906,1116132.5807594992,0.42330729849327603,0.4788910778593738,1.2786709343596956,0.006226566429087352
2021-W08,8,1970-01-01 00:00:00.000043519,305105.51617432287,75.2134394906676,0.9094648957885072,44.7117657621828,19690.053333333333,478883.16946829524,61.202844362221995,0.5038654447570143,39.774896199735466,71788.40066666667,381.6782074709183,46.0950333658429,156.28381769433696,0.0,2115343.3561465014,1898.3246168421583,524267.50371900003,1747584.736677,3263.124693222256,0.0,429445.92168300005,0.0,94821.582036,0.0,0.0,1747584.736677,0.0,0.0,2202835.438131854,2501066.234058601,1.4154016863975987,0.3311290845233341,1.3464616381518115,0.009323082423620161
2021-W09,9,1970-01-01 00:00:00.000043526,302824.41612261056,74.0689731494824,1.0168610526438715,37.19255222440473,19225.796,518046.934167166,63.856875812662096,0.5060844428032578,34.99039620644974,69373.40066666667,233.22170357520835,129.00966889356823,592.3455193084673,0.0,5970525.131116149,2593.051643364223,621153.46851,3903807.3329160004,0.0,0.0,552902.5536420001,0.0,68250.914868,0.0,0.0,1756760.28006,0.0,2147047.052856,610529.6806003493,7841103.121050829,1.3919025201060817,0.47312255634901085,1.7706570191897706,0.008184435755609223
2021-W10,10,1970-01-01 00:00:00.000043533,284871.47628360405,73.1679820663897,1.0473020476208144,31.7130698808968,14292.248,530663.8964542435,61.838414268373896,0.4895331572648171,40.354119310789535,86926.208,118.59804348034356,62.38762226897457,53.882009067545944,0.0,8997266.48308072,3191.8364771036563,570285.899649,3939143.2842,0.0,7245.370189554491,527666.7013140001,0.0,42619.198335,0.0,0.0,2031406.939563,0.0,1907736.3446370002,803176.7709451526,3916935.669534557,1.4356615107381696,0.9731793092377894,1.8219775143775871,0.007572516908141795
2021-W11,11,1970-01-01 00:00:00.000043540,296293.1605690553,75.4825107090943,1.0138732059489644,41.368122848361665,22213.662,519004.5895750827,62.173230867602,0.4957441224257229,35.8491432254812,72583.62933333333,184.96699758385262,49.95567446124247,80.20539333994878,0.0,7601771.37488,3854.1963308913696,486139.564728,4743882.867285,0.0,33112.793649762774,426124.588287,0.0,60014.976441000006,0.0,0.0,2380406.7115800004,0.0,2363476.1557050003,94327.60318577396,9160604.026891474,1.0973016989322444,0.3835341977639454,1.524516748220742,0.007056967234272195
2021-W12,12,1970-01-01 00:00:00.000043547,290699.07120594656,75.4785864545633,1.029341720908407,37.2543607871376,18473.682666666668,511049.7920946647,60.06764463817299,0.5098595452651071,38.30152622460113,73066.20266666666,602.924553522588,35.59482890047749,0.0,0.0,5775180.191132641,3058.80063544692,414482.90905500005,2942098.104894,0.0,14386.266712827559,265440.36303300003,0.0,149042.546022,0.0,0.0,1908405.7150200002,0.0,1033692.3898740001,345712.52054416965,18941697.374963425,0.682986828375991,0.9895892000505173,1.7524517937345032,0.006555813658391729
2021-W13,13,1970-01-01 00:00:00.000043554,318040.0603697591,75.2577467625143,1.0292353031798642,32.165524959109334,19438.422000000002,530501.0131941314,58.6781410704725,0.5205708145926643,33.2496391704354,66817.51933333333,125.29740399475035,41.9093042603818,91.41064621437026,0.0,2094272.9386275674,2976.954531520457,285287.881926,1614258.981075,3860.9904629877487,0.0,229054.880865,0.0,56233.001061,0.0,0.0,1614258.981075,0.0,0.0,125723.72766702925,13072139.105242202,2.144561188567925,0.41225132701337575,1.1678098106031078,0.0065265133648373845
2021-W14,14,1970-01-01 00:00:00.000043561,309257.5318403741,74.512951303197,1.0731913870062215,29.099371246688197,16825.130666666668,547617.0130666139,60.4011437167389,0.514362733346475,35.03539161000507,75529.068,283.4973608952549,66.79754349919342,0.0,0.0,703444.0628991594,3290.373687846063,308179.302111,96711.915405,7784.329353374933,0.0,153306.101658,0.0,52807.630626000006,0.0,102065.569827,96711.915405,0.0,0.0,60185.269313787416,12975790.968649883,2.414882168903019,0.7262489080357402,0.6011265977493819,0.006179652086228657
2021-W15,15,1970-01-01 00:00:00.000043568,307799.9187784168,75.2047969095466,1.035312026485257,41.5244854066688,24684.714666666667,515601.4381283279,61.473326699062596,0.5172860815767529,35.36148888719914,67794.43800000001,584.5070039682389,111.5412657519481,0.0,0.0,892503.6143279045,2996.6029164442302,423794.55120600003,253118.844282,1914.187161058401,0.0,348740.660901,0.0,7441.592733,0.0,67612.29757200001,253118.844282,0.0,0.0,312553.7296381,25278492.647230353,0.8888360762647497,0.36461447203591113,0.7449650056649145,0.007116245284815666
2021-W16,16,1970-01-01 00:00:00.000043575,298758.80070719257,73.6697085032863,1.0316660740935715,33.068120026279935,15507.276666666667,532024.0107363577,63.9807942035647,0.502126028958415,39.31042722940406,86070.198,435.09140261489006,98.3707078987482,278.0984531706831,0.0,915841.8085321281,2930.5032121642453,463759.16924400005,576084.4923510001,0.0,0.0,417310.230096,0.0,120.395064,0.0,46328.544084,576084.4923510001,0.0,0.0,0.0,9049701.092529865,0.8014523064530965,0.3832775876054658,1.288247216922343,0.004766293995413359
2021-W17,17,1970-01-01 00:00:00.000043582,316883.98192398425,73.0755844682798,1.038022319304093,21.192331930732,10477.512,553157.6285291562,65.4114465576726,0.510369046167755,41.07199930745067,97899.95,215.6851584219246,85.84465621597182,84.14910913942029,0.0,187979.7921800468,3238.850277163415,573759.689838,22838.420184000002,0.0,0.0,531014.861871,0.0,3779.3580960000004,0.0,38965.469871,22838.420184000002,0.0,0.0,0.0,24768056.590641458,0.6685742203072853,1.176492138612037,1.1554216531732096,0.006023835496228651
2021-W18,18,1970-01-01 00:00:00.000043589,341054.49564549065,74.074072993704,1.0070567414966785,35.05716889890886,22392.491333333335,557269.1566918091,63.640763234614795,0.5179819565861065,37.0012259825338,88459.72066666668,520.4738968419407,122.45734678365257,128.09813230176405,0.0,0.0,2646.59369798845,448503.020808,20883.309036000002,5419.191239168489,0.0,413179.501623,0.0,2102.333373,0.0,33221.185812,20883.309036000002,0.0,0.0,115082.34231231565,16297179.44866255,1.5423629535741865,0.25147243679102105,1.2761139195432276,0.005119083079076427
2021-W19,19,1970-01-01 00:00:00.000043596,319385.1295849574,74.4388119540312,1.0289040246168215,40.416860459740995,24978.854000000003,529932.7768689158,59.843271804210005,0.5271732867859485,34.94712414464887,73490.51333333334,524.2208201473203,109.17758248480587,54.15468455412531,0.0,0.0,2606.4167713492952,532672.2569640001,487666.09562100004,5171.214270233863,0.0,451231.539378,0.0,44866.136649,0.0,36574.580937,487666.09562100004,0.0,0.0,20623.862602948422,19965794.94425797,0.988260282810293,1.0106899592217131,1.2025791126776433,0.004870115266793793
2021-W20,20,1970-01-01 00:00:00.000043603,309220.50223101315,72.9562881176369,1.080429740752,31.865488666113198,16760.968666666668,554676.5634133103,58.5900336075386,0.509312783474355,33.191247652474466,77581.80666666667,622.7382824822183,154.17264042968858,169.1230716083647,0.0,0.0,6021.399735467932,442500.934275,492281.67595500004,0.0,0.0,344211.450939,0.0,67947.309924,0.0,30342.173412000004,492281.67595500004,0.0,0.0,1320134.1504647855,3106309.646239404,0.6956767595754652,0.31178505396785755,0.8331290724702686,0.005567394507043844
2021-W21,21,1970-01-01 00:00:00.000043610,303557.3883139727,73.9066770726385,1.0988949943811572,29.34538064887053,14074.944000000001,535057.6258684667,60.4312781311786,0.5312361487329021,37.9009320588026,78628.29666666668,1854.3734470862246,188.68585238612775,154.97161102678848,0.0,0.0,5471.920285087999,425577.575931,894927.91812,0.0,0.0,338535.870585,0.0,65407.235802,0.0,21634.469544,894927.91812,0.0,0.0,2236366.800941285,26424749.1839829,1.250674388882064,1.0908829043066897,1.1878747314893632,0.0068284926908917494
2021-W22,22,1970-01-01 00:00:00.000043617,326200.97639338847,73.9891008189239,1.0592626127006286,25.74400003137727,15454.669333333333,566166.8587969451,62.4585391297679,0.5205873381637078,30.469926540981266,70877.68333333333,1529.0414913075479,99.22410191566799,48.67834704712238,0.0,0.0,6982.500926910645,471601.86075000005,1506899.300037,0.0,0.0,319584.77146200003,0.0,131964.767922,0.0,20052.321366,764791.323072,0.0,742107.976965,1748988.7094138162,2634143.9749423806,1.070969589738969,0.3315489670179914,1.2297373831930143,0.006244011112533011
2021-W23,23,1970-01-01 00:00:00.000043624,325027.6480547462,71.5475876805132,1.0212543764861144,33.34374488033166,18223.815333333336,566121.618559122,66.0622809178766,0.5081263125071879,42.51131201297,105427.634,1443.5119241304346,145.87342565107693,36.6924044973515,0.0,1048961.1702607183,6472.697120093295,1080037.946304,4617592.371075001,6649.009143420199,31362.37369806429,820106.31177,0.0,250381.165218,0.0,9550.469316,577216.467681,808656.3485910001,3231719.5548030003,2456930.7406959035,7324132.824680571,0.701837950743001,0.5295191202319299,0.8775787402766552,0.006206919989478668
2021-W24,24,1970-01-01 00:00:00.000043631,327017.342047788,73.34580458888,1.0163077252388573,31.31285285542653,16455.498666666666,560434.0068197147,64.380359548088,0.5219245811164136,36.91939896856513,91136.29,1120.4504467128586,77.37827518300611,4.17476055529844,0.0,1444215.8950634901,6298.433009082532,392004.36542100005,4854872.7212310005,3312.7110626725926,27715.07409567034,277580.63486700004,0.0,114423.73055400001,0.0,0.0,0.0,1356212.445342,3498660.2758890004,253354.2771100546,205145.90803787534,0.9457322971867851,0.19122909534123977,1.207201312575884,0.006995487427565671
2021-W25,25,1970-01-01 00:00:00.000043638,325255.3012634844,73.28505493385,1.0127946214160715,35.3461096595764,18936.898666666668,552024.2530903873,64.5115682186057,0.5170921017792035,37.122251976606535,86514.088,58.53110174490746,226.15583639590594,0.0,0.0,1474338.4342600408,6546.741580838884,508482.00959400006,3539252.3877660003,0.0,0.0,371637.31565400003,0.0,136844.69394,0.0,0.0,0.0,1165659.120759,2373593.2670070003,730698.3300388152,9774383.534560848,0.9478055487309675,1.115370725140715,0.6823629221897491,0.011272314091348557
2021-W26,26,1970-01-01 00:00:00.000043645,340327.0383028654,72.8817327919048,0.9781761144157143,40.68938078581693,26128.75,535156.2939926989,63.1904848835151,0.5311923885580272,37.9401661242098,81972.66066666666,202.94311077971534,74.24656307509511,57.78279675784343,0.0,1432340.3943075552,15273.04104618463,777266.6072580001,2258026.4376660003,2149.7054293093106,796.131086206197,245416.17747000002,0.0,531850.4297880001,0.0,0.0,0.0,94618.08820500001,2163408.349461,0.0,18102501.588736925,2.5108826184346165,0.5478896200510492,0.6102238769005116,0.02311759288266454
2021-W27,27,1970-01-01 00:00:00.000043652,346712.10391331883,73.6716166241155,0.9788376753921428,45.498810053664734,35601.34266666667,538907.4345376949,63.26206241186151,0.5358077112835693,37.6586421242652,80468.88,184.08191992669444,83.86410891942383,0.0,0.0,2208663.919486991,22827.748539349686,751761.828999,1774050.991327022,2530.808935013295,0.0,77949.915051,0.0,673811.9139480001,0.0,0.0,0.0,54880.519554000006,1719170.471773022,0.0,5700484.334596016,0.7852436512011096,1.2183754324734637,0.4459046129095169,0.010850382400585702
2021-W28,28,1970-01-01 00:00:00.000043659,324732.34517060354,72.9695951997009,0.9994908560649858,46.08025384498094,31303.005333333334,530465.843386735,65.8672892415158,0.5249416746900293,29.926922170230537,62897.33733333333,268.1238289173144,76.79837451369163,8.353455192741649,0.0,0.0,18485.014693631714,858944.189046,1808922.7501800002,2545.037968145046,0.0,284831.820189,0.0,574112.368857,0.0,0.0,0.0,0.0,1808922.7501800002,2032229.5960344176,6655838.496860113,0.49335855379492305,1.2313747338797842,0.9721749682571341,0.005983887544317109
2021-W29,29,1970-01-01 00:00:00.000043666,300293.4564721649,71.8875495265317,1.0480257498431285,30.387959538555865,15952.183333333334,536772.0307542114,66.3824562645663,0.5064550972275221,40.10989248313627,92337.41933333332,339.70270973445,133.88407406164725,0.0,0.0,0.0,15553.142726418828,715352.7912750001,699071.321832,3060.659486228224,0.0,604993.702773,0.0,110359.08850200001,0.0,0.0,0.0,0.0,699071.321832,399136.500021209,8495296.510487664,1.2118814064668177,0.9978503404911783,0.8429040245776421,0.006637278636424336
2021-W30,30,1970-01-01 00:00:00.000043673,297729.1806323324,71.5540866554164,1.0573448865102,25.295924756046464,13178.736666666666,538389.8958933015,67.6270483594219,0.5073502322096471,40.986474446374,93928.82333333332,557.2668151297073,121.12300757236062,0.0,0.0,0.0,12183.067532505213,598695.208827,854427.4111830001,2032.8567663093422,0.0,541476.146019,0.0,57219.062808,0.0,0.0,0.0,0.0,854427.4111830001,442915.13221655355,13005760.898740824,0.7526899733222581,0.7806114263995951,0.959291695906942,0.005606667292006814
2021-W31,31,1970-01-01 00:00:00.000043680,316950.0812430879,71.7428696260505,1.0653876747113429,32.69786027822334,19216.789333333334,568904.9384563294,66.1281293050711,0.509850274864595,40.68718263811527,100810.94133333334,324.79167740917467,84.91248811999874,0.0,0.0,0.0,9383.985494970868,542694.491721,125780.12583,2608.2028889798903,0.0,522536.17035300005,0.0,20158.321368,0.0,0.0,0.0,0.0,125780.12583,931040.1284166813,12925937.73590832,1.2543411282525592,1.05989039953135,1.3974213240333322,0.007359962755478744
2021-W32,32,1970-01-01 00:00:00.000043687,322161.13359621767,73.9404722117765,1.0307048514851644,36.430655470380934,22743.548,552106.3665635454,63.419811055876494,0.5220943255197629,35.12071919292587,79860.50666666667,388.05799768410617,101.54208685023535,0.0,0.0,5292330.8063894315,11848.225009436444,532000.269297,3462628.781382,2174.8128357143364,11350.047133921116,499957.51560600003,0.0,32042.753691,0.0,0.0,0.0,3462628.781382,0.0,0.0,1093103.4112657104,0.9224326967588549,1.0905430347678582,1.4741916631141874,0.008130069314967918
2021-W33,33,1970-01-01 00:00:00.000043694,315676.0063736235,75.5468083487868,1.0264928563813787,43.30904051923727,27153.707333333336,539989.905461204,60.390447072234394,0.5267085465897828,29.986742568753268,62779.59733333333,158.84714339286563,126.92223727913779,0.0,0.0,1223454.906400397,9034.10021065518,489776.280846,800508.089178,2155.124973880747,11303.882670412875,489776.280846,0.0,0.0,0.0,0.0,0.0,800508.089178,0.0,1693656.680516709,10199612.76975815,0.5509410438241764,0.5374277953656748,0.7432034124883039,0.011526870976968136
2021-W34,34,1970-01-01 00:00:00.000043701,309788.0420545635,76.1969803122596,1.03942211985025,33.629402907983,18986.598,550293.8515011775,60.0499201044865,0.5191586342663921,29.973601069143,64809.905999999995,35.14523511105787,210.6563990840367,0.0,0.0,80624.84135541657,6384.388872358318,540777.985512,302718.33904500003,0.0,0.0,529415.7013470001,0.0,11362.284165000001,0.0,0.0,250548.671394,52169.667651,0.0,800116.0532715466,8867407.845629381,0.47260486496598264,0.6506681090900152,1.2762069700717231,0.00537685791601122
2021-W35,35,1970-01-01 00:00:00.000043708,322864.35541880433,76.3084286296903,1.0347157544905714,36.74998053816253,23038.824666666667,564826.6008254214,60.4571673720592,0.5251226493679793,35.855244875023935,87104.222,1.063861533632442,257.9109847410994,332.48483544615124,0.0,0.0,9107.595957745694,492927.27289310703,286765.99306500005,451.38869165282057,0.0,492865.33028700005,0.0,61.942606107,0.0,0.0,286765.99306500005,0.0,0.0,3901109.9593808344,7124922.147633879,1.0290980612322114,1.2214473391054874,1.1512974114335486,0.004099331243869829
2021-W36,36,1970-01-01 00:00:00.000043715,297036.6627202777,73.8991095052039,1.0715787619703143,27.30275461306813,13317.589999999998,576040.0923546902,64.6577143067428,0.5023661046842,36.43738067311913,97001.966,2.0694817978720224,128.3554701847289,120.95041450511283,0.0,0.0,11620.57325517927,524435.009895,288092.301732,4955.4470547109595,0.0,448684.922046,0.0,75750.087849,0.0,0.0,288092.301732,0.0,0.0,2047044.4602815092,7692885.994984248,0.7865628262857455,1.0556901765554838,1.4284188961517421,0.0051717558611307736
2021-W37,37,1970-01-01 00:00:00.000043722,299520.9992638246,74.235109886012,1.0408917638906285,38.519386282755995,20298.430666666667,555744.1047820481,65.3366453575053,0.5074011652765714,42.688949843537806,102927.342,0.0,188.57105463345508,12.595782265777412,0.0,0.0,10078.864109751345,376250.278704,290148.178314,4414.062495456418,0.0,363236.488335,0.0,13013.790369,0.0,0.0,290148.178314,0.0,0.0,0.0,9895976.77835219,1.1683572028404083,0.6943241831725795,0.7166444421172061,0.004278012224793758
2021-W38,38,1970-01-01 00:00:00.000043729,308934.753629306,75.4516844447076,1.00280788545505,41.09180613786153,25437.666,534006.0027752498,63.1608262180123,0.5278924614284471,33.5259642485192,71915.308,0.0,234.6539257540745,167.7386448515071,0.0,0.0,10302.460005655774,372512.797152,198851.423505,959.6504728468324,0.0,365274.69825,0.0,7238.098902000001,0.0,0.0,198851.423505,0.0,0.0,0.0,8869914.609323064,0.7198746544374042,0.22892841646707118,1.7006001702597175,0.004124736122674178
2021-W39,39,1970-01-01 00:00:00.000043736,303643.913161453,75.1902497565974,1.0679592592647713,27.536779658334734,14556.76,566755.7604471259,63.619492825038904,0.5182593040710615,33.13528527938447,78157.34733333332,0.0,124.51284445221425,135.26430803904356,0.0,16592.82382934246,8462.59039962915,316298.7714,31058.000586000002,0.0,0.0,302895.660036,0.0,13403.111364,0.0,0.0,0.0,31058.000586000002,0.0,114057.40439375148,33261937.972433355,1.1962177314950182,0.7999366592430035,0.8528827185005172,0.004266432767152963
2021-W40,40,1970-01-01 00:00:00.000043743,296210.62607543304,74.4303717358918,1.065967768907493,29.2077879665156,14841.755333333334,553918.3107643219,63.4812010382625,0.5204201225327628,33.49088213494253,75622.596,2.057570295424822,63.71924680830284,0.0,0.0,462997.6413114856,10383.779612970771,304379.660064,661843.728537,3292.71947633628,0.0,298395.24019800004,0.0,5984.419866,0.0,0.0,486002.15731800004,175841.571219,0.0,656606.3968574477,7486346.530883825,1.5358398907610424,1.0089059789620487,1.606425447736406,0.006801035327528619
2021-W41,41,1970-01-01 00:00:00.000043750,282842.07254225813,73.9090635760127,1.0767259145954786,27.831484786039933,12746.335333333334,540344.6566775691,62.5965822088683,0.5269937916442092,32.36300181048794,71271.108,47.36968363813203,85.78677191074777,13.690735074420942,0.0,784589.1739442255,12616.838363947954,601032.443439,790228.0519470001,6395.845499300491,0.0,583609.183851,0.0,17423.259588,0.0,0.0,595347.04827,194881.003677,0.0,17997.846874710358,2211807.184409861,1.0489410963049488,0.663368972776986,1.211294802215471,0.013654614259761765
2021-W42,42,1970-01-01 00:00:00.000043757,280854.5210602813,74.688572285179,1.0590596924184785,33.77735134104747,16229.882666666666,514899.8203534354,62.410711144604406,0.5334295001482557,29.810195351179,59202.75399999999,153.97160310060954,79.01602250202981,4.21778681939016,0.0,815986.9503570644,10570.618388605611,437828.428014,7980146.027112001,730.8106693842292,0.0,437828.428014,0.0,0.0,0.0,0.0,7747193.3560500005,232952.671062,0.0,979514.7774502194,3953588.270773099,1.353744055967502,1.1465876741621481,1.9267458881194621,0.005904263199989507
2021-W43,43,1970-01-01 00:00:00.000043764,307675.0623628766,76.6512202539461,0.9359826385306714,40.635348177903,18109.028000000002,498673.1264064668,61.0934899479163,0.5362023645432864,31.8560880198486,58492.12266666666,89.47500570815028,74.88106346333464,161.36468277456294,0.0,614716.3129785195,12176.10304559502,433704.24275100004,1113933.082746,0.0,0.0,433704.24275100004,0.0,0.0,0.0,0.0,878921.9178180001,235011.164928,0.0,0.0,19447050.432183936,1.0097785541421263,0.926885119170124,1.2968777920803656,0.005911132679218209
2021-W44,44,1970-01-01 00:00:00.000043771,337294.1490746615,77.401784493632,0.919922252494693,35.2627617973166,18133.271333333334,542166.1212211623,64.6919327116767,0.5235732235397486,28.542610508073334,65211.54466666666,759.8826863692104,63.93019183977181,122.56946945305491,0.0,717072.0904764237,10933.737991679489,414599.37819300004,1243974.146928,0.0,0.0,414599.37819300004,0.0,0.0,0.0,0.0,1022268.599535,221705.54739300002,0.0,0.0,12060432.942607515,1.2319480321821992,0.6278823220394609,1.411769241322208,0.004709556432750312
2021-W45,45,1970-01-01 00:00:00.000043778,316396.03505733126,75.737737828082,0.9216521084733857,31.849718710133,14049.028666666667,523909.3881579142,65.3942887710463,0.5159222487517,36.70208165014554,79661.67133333333,695.9405921217275,72.20639284979508,48.789384982082424,0.0,190770.6547557712,10532.296887041894,349224.85844100005,1301461.481346,0.0,0.0,349224.85844100005,0.0,0.0,0.0,0.0,1008732.661008,292728.820338,0.0,46862.38686033652,7247104.585703453,1.6409287159964743,0.42706981805031524,1.4436369872848307,0.004209588417880706
2021-W46,46,1970-01-01 00:00:00.000043785,303726.2830246997,76.0680890358678,0.9229825345934143,32.39745838199867,13531.014000000001,515307.3645893294,64.0014323796497,0.515843583597065,32.7215674164392,67280.258,527.1997257706989,26.309628842528163,14.804282126214257,0.0,2197003.908301087,12510.310157364263,194071.6086,407871.649671,0.0,0.0,194071.6086,0.0,0.0,0.0,0.0,41842.519308,366029.13036300003,0.0,104643.04301511165,20393829.88552655,0.5368337779127746,1.2555992625573111,0.7461836350107209,0.004232791540522007
2021-W47,47,1970-01-01 00:00:00.000043792,298948.901988283,69.2071194542321,0.9540164889312858,31.19503579498547,13506.114666666666,517578.2762056383,63.9016024305522,0.51225639335185,37.786424131258066,78967.58666666667,1059.6034621794652,56.695055548966174,21.16755621725341,0.0,1362836.8050361872,27374.14101080529,268939.671741,715723.791282,0.0,0.0,208243.547139,0.0,60696.124602,0.0,0.0,0.0,715723.791282,0.0,0.0,6914379.28086628,1.6117144407722241,1.292797728392125,1.5707064053334663,0.003718935525239375
2021-W48,48,1970-01-01 00:00:00.000043799,309768.8089527414,68.2589192182065,0.9666882534832928,24.422330651909533,11155.076666666668,527611.8516485391,64.130142866726,0.5167235742771057,38.20410418625253,81697.29400000001,192.68294720036175,25.483351012680036,34.25481114936633,0.0,1112552.4090191957,18303.81564140342,282637.881876,0.0,0.0,0.0,164038.2747,0.0,118599.607176,0.0,0.0,0.0,0.0,0.0,402781.2226232118,4766653.439235445,0.6434899377285612,2.380188064771701,1.3866453606071276,0.004619453795924213
2021-W49,49,1970-01-01 00:00:00.000043806,313600.3603314256,73.1974834782585,0.96587834779285,25.32857073554993,11689.115333333333,511786.52678631543,62.08088072832081,0.5282133365728886,30.627333875943602,63184.34933333334,0.0,30.791482608938896,55.13292275514436,0.0,1682579.0505318556,19004.76532398231,208992.09036300002,0.0,0.0,0.0,130547.50863600001,0.0,78444.58172700001,0.0,0.0,0.0,0.0,0.0,0.0,3589834.431433776,1.144969341060912,0.8930022622794637,0.7734811559835977,0.006330557066326502
2021-W50,50,1970-01-01 00:00:00.000043813,309203.87125648995,72.955582922905,0.9536024137393214,30.988312631722668,15380.858666666667,510936.14180247614,66.3259037227069,0.5199565378259828,30.255963984177868,61369.41533333334,0.0,13.214590394561561,10.963617228428285,0.0,3116378.0490708747,17550.86348500646,309073.104597,0.0,0.0,0.0,139770.81745200002,0.0,169302.287145,0.0,0.0,0.0,0.0,0.0,0.0,954705.7199511471,1.5815823478020548,0.5082918274838097,0.7458654274630999,0.0055767096292721014
2021-W51,51,1970-01-01 00:00:00.000043820,296460.81528593285,73.013302293732,1.0098613883584286,29.923737484133735,15400.129333333332,521721.625007053,67.0505183217034,0.50205747993631,38.408523610277264,81231.09933333333,0.0,23.31660652057361,32.91745666764935,0.0,964329.4832085675,12614.256744019976,333678.845802,0.0,0.0,0.0,252584.91834600002,0.0,81093.927456,0.0,0.0,0.0,0.0,0.0,0.0,4958434.6102360925,1.1029169159015895,1.1838812113487343,1.6854086161496509,0.00347504868871761
2021-W52,52,1970-01-01 00:00:00.000043827,318552.6455705556,74.2041249228628,1.0127146768329143,32.47360795418593,21230.24,550550.622558907,65.6400418509716,0.46323883430159857,44.90402410604954,114833.24133333332,0.0,55.68864935964876,34.01656655816461,0.0,0.0,11188.227572075586,266580.190215,0.0,0.0,0.0,195189.18886800003,0.0,71391.001347,0.0,0.0,0.0,0.0,0.0,93425.63499465745,2213137.635634153,1.3845884000800641,0.9537171869983704,0.9398023564390556,0.0033514759134839283
2022-W01,53,1970-01-01 00:00:00.000043834,265681.23945811455,72.8476294765629,1.0414612627170143,29.188315441574733,10089.064666666667,489693.6511738742,60.362718484036904,0.5057968305461857,34.97837376793607,67542.872,0.0,27.312481971531835,0.0,0.0,0.0,5970.104942169598,354322.01903100003,0.0,0.0,0.0,295687.6599,0.0,58634.359131000005,0.0,0.0,0.0,0.0,0.0,7808904.361424649,59905.486552262715,0.6926882974983353,0.5585910949399344,1.69197357519033,0.0036859091827937123
2022-W02,54,1970-01-01 00:00:00.000043841,289971.74862389616,73.3472404739779,0.9773382281083572,34.362533699441336,14399.836000000001,517320.34272779187,59.697145974960506,0.5211604181367322,31.351305892087932,64313.314666666665,0.0,20.47406280590808,0.0,0.0,0.0,9310.139135634417,0.0,0.0,0.0,0.0,0.0,0.0,0.0,0.0,0.0,0.0,0.0,0.0,0.0,676316.8345764864,1.2457547102977706,0.6428316670273054,1.274946356962582,0.004761890483087263
2022-W03,55,1970-01-01 00:00:00.000043848,301984.8655148135,74.9661506686468,0.9406565576559214,37.46676335752013,18093.066666666666,510051.50622265594,59.169176024899,0.5303693380958578,33.22502100789453,64951.222,2.5926263629901656,69.02758523166516,68.64206746481707,0.0,0.0,8008.156278374914,0.0,692236.284666,0.0,0.0,0.0,0.0,0.0,0.0,0.0,692236.284666,0.0,0.0,0.0,50454.26855893665,0.38854910445116003,1.2287994363740753,1.1084114911121725,0.005550119189456885
2022-W04,56,1970-01-01 00:00:00.000043855,320023.49757478747,76.9527860751702,0.8582153645876358,45.63267881553933,21258.522666666668,502525.15260432486,58.7843716409145,0.5285311748423407,28.5040399507552,53344.07866666667,228.38826929511973,53.1800084704612,224.65370972100936,0.0,0.0,8073.39206486128,0.0,927078.634776,0.0,0.0,0.0,0.0,0.0,0.0,0.0,927078.634776,0.0,0.0,0.0,11889.219215369867,0.8994729254762179,0.6146685212733448,1.3609736512213293,0.005210371276913382
2022-W05,57,1970-01-01 00:00:00.000043862,339686.0153141427,77.0024821082003,0.8637837616426715,45.8912558503852,23066.559999999998,546964.4961055516,65.4827169101402,0.5166873400305535,28.4706077744172,65627.558,10.388042255420164,54.82336474956393,336.6655190588103,0.0,0.0,7551.964509347384,15086.679297,146212.607697,2917.823714376648,0.0,0.0,0.0,15086.679297,0.0,0.0,146212.607697,0.0,0.0,1612694.5845942115,60896.02166890848,0.7310156868565951,0.5946679497716086,1.325772841381696,0.004905173999543802
2022-W06,58,1970-01-01 00:00:00.000043869,314832.4411492564,75.1334037251573,0.9083992049265357,39.99869840012153,16983.428666666667,530315.697485941,66.5109654358881,0.5100584605791328,36.6756308057096,81754.98266666666,75.62655582700675,48.36737697954379,124.3617210152065,0.0,0.0,6509.913184155962,6569.38284,0.0,4590.099985896859,0.0,0.0,0.0,6569.38284,0.0,0.0,0.0,0.0,0.0,37803.15048273653,105895.81464786746,0.5923297580402478,0.3699029644395493,0.8546928210569524,0.004882648340337271
2022-W07,59,1970-01-01 00:00:00.000043876,307607.96966268605,75.2579302592657,0.9209034026174929,35.28341396725474,14266.080666666667,514246.86581446463,65.7745861762945,0.5168459299226978,35.82177435724947,73764.58,418.31532333668247,43.2901235006406,0.0,0.0,0.0,5658.4617511225315,0.0,0.0,3247.0483647721935,0.0,0.0,0.0,0.0,0.0,0.0,0.0,0.0,0.0,258210.61906896523,148502.42321046596,0.9051924636405047,0.5963806004239876,1.0274423965144002,0.006254568251058384
2022-W08,60,1970-01-01 00:00:00.000043883,297573.9538333286,76.6834587465768,0.9831582485395786,38.651156861953204,20415.327999999998,519069.11678503855,63.80702162983199,0.51330063370731,37.27156199314994,74515.19466666666,688.0248955442851,60.05136149427531,77.10347008183315,0.0,0.0,6120.543448456306,0.0,154159.33624200002,0.0,0.0,0.0,0.0,0.0,0.0,0.0,154159.33624200002,0.0,0.0,0.0,153099.49312999274,1.225678994289383,1.116017747422211,0.8638279844490939,0.005454489066878808
2022-W09,61,1970-01-01 00:00:00.000043891,306627.2248186713,77.2346864807515,0.9996540874584071,38.8106704118472,23991.221333333335,548431.2855773274,62.9283063535775,0.5025398734917564,36.695400877720196,83418.27266666667,559.1390573245496,50.820543555888,78.80490944701084,0.0,1467082.0901341548,12599.38033918948,0.0,410302.452186,0.0,0.0,0.0,0.0,0.0,0.0,0.0,410302.452186,0.0,0.0,9568.531941582827,4962465.960711494,0.513688826398309,0.57701410573283,1.284551903355923,0.005142116835859023
2022-W10,62,1970-01-01 00:00:00.000043898,302545.6725851487,76.2737312854141,1.0130442072275856,31.912217227597136,18247.714666666667,549050.5914758675,60.563591962092005,0.5069571978354521,35.356133828917066,83673.39666666667,328.47265758801166,63.099275822837974,0.0,0.0,1969432.991895836,15899.151153987787,0.0,486022.441269,3767.2755480435367,0.0,0.0,0.0,0.0,0.0,0.0,486022.441269,0.0,0.0,12158.191998529232,6766284.17797126,0.7361451485593389,0.2850274733710766,1.380361296895421,0.008216276537044005
2022-W11,63,1970-01-01 00:00:00.000043905,290018.53216648067,75.7972426687105,1.03290101737515,29.628231797490468,14603.418,547199.9789839177,57.7614541880104,0.5030369847612478,32.393306040593664,76448.724,633.3181181192964,58.03307119773909,47.2769348609639,0.0,1849605.6700656319,12436.788211790608,0.0,441762.20586600003,0.0,0.0,0.0,0.0,0.0,0.0,0.0,441762.20586600003,0.0,0.0,5141717.070573534,515337.3789232382,0.49121775207463864,1.080940699915759,1.3645327574468995,0.005490502407196013
2022-W12,64,1970-01-01 00:00:00.000043912,297657.61371078686,76.0895130379943,1.017425309034557,35.16540181663414,18470.510666666665,551068.7035207135,59.6142962535246,0.5079700089841993,33.6052211193534,77301.232,790.1603312655512,26.64472457765053,86.08181829108231,0.0,1515842.653684242,12858.183791458427,16357.370679000001,409250.958339,0.0,0.0,0.0,0.0,16357.370679000001,0.0,0.0,409250.958339,0.0,0.0,7191037.847478661,42851872.3636854,0.4808453320728703,0.8062438753685279,1.503370853412154,0.004958862976750318
2022-W13,65,1970-01-01 00:00:00.000043919,319516.61146175175,77.312580914125,0.9933350423757643,43.32548534649027,26914.179333333333,553931.2294861159,62.9523027708221,0.5085621696451207,31.901215514273066,74040.122,509.30526859632914,27.569200682448884,0.0,0.0,984741.2526291441,10032.19805104124,140779.78043400001,288620.33877900004,5750.728593859252,0.0,0.0,0.0,70475.606268,70304.17416600001,0.0,288620.33877900004,0.0,0.0,2516350.5211802227,8065703.200941948,1.2456450372215264,1.0703486598792171,1.2272423457913337,0.0038557831390654625
2022-W14,66,1970-01-01 00:00:00.000043926,333819.77323100565,76.6703898412809,0.9539528815033214,31.41556480853173,22004.888000000003,568698.3506218389,61.823729158393206,0.5094742390806671,37.067671943356935,96816.35266666667,353.32547388635646,80.22616635899801,118.06725973721396,0.0,0.0,10250.750411359964,79995.322497,0.0,3997.7096026138074,0.0,0.0,0.0,79995.322497,0.0,0.0,0.0,0.0,0.0,14940.8274170092,33519619.902321544,0.740120650766156,0.40641322517381,0.8450872490287737,0.006679620101098265
2022-W15,67,1970-01-01 00:00:00.000043933,344177.7433245793,75.0863804286802,0.9457567165884001,24.057780968457465,18407.164,569677.732582203,60.5882608930049,0.5233698391808107,33.767472817626,85884.88,352.6847520374862,67.33608565194403,291.97417489742827,0.0,0.0,3813.8739623290116,15317.654610000001,296891.61054,335.5605178945286,0.0,0.0,0.0,15317.654610000001,0.0,0.0,296891.61054,0.0,0.0,113650.28479366252,51838619.098044865,0.993276490838789,0.7751728912017039,1.5340972746928414,0.004963266489076405
2022-W16,68,1970-01-01 00:00:00.000043940,348439.44667617645,74.6539021386363,0.9685071554376785,21.522782115903468,16454.582,591525.8438986415,59.49413236800321,0.525998374840205,35.148472649986864,96659.136,816.0166673649137,70.4705129320063,0.0,0.0,0.0,2978.2194461665795,39316.185927000006,431223.057519,0.0,0.0,0.0,0.0,39316.185927000006,0.0,0.0,431223.057519,0.0,0.0,165529.94716899292,16568839.475431517,1.4421503883446234,0.7085366697271684,1.631471013593723,0.004064103145261142
2022-W17,69,1970-01-01 00:00:00.000043947,335839.2829911355,74.3218580306792,0.9637269882356643,23.420168912605334,15807.182,567701.6302601218,59.5439934468713,0.5287078955471222,34.997047934090595,85814.08666666667,1419.1822672234161,186.87917969543423,126.60894592398374,0.0,0.0,2753.7882275509187,32241.012954,322113.067806,4672.223056896931,0.0,0.0,0.0,32241.012954,0.0,0.0,322113.067806,0.0,0.0,0.0,50642906.45460493,1.4549195128442673,0.5142220569587694,1.6763637914758989,0.0036279860591198042
2022-W18,70,1970-01-01 00:00:00.000043954,352730.3403451424,74.3831344784425,1.0050430264127856,31.289012207603534,24083.734,609498.0262478295,59.610457855775095,0.5368368121088586,29.683193767694334,83982.73933333333,587.5521520135363,133.01718231109453,262.318975904898,0.0,0.0,3125.5423422542067,169226.385909,533282.084136,4027.4823826568177,0.0,0.0,0.0,29329.284504000003,139897.10140500002,0.0,533282.084136,0.0,0.0,0.0,39638717.38286909,0.5578443188153882,0.8152240231744734,1.4949014005021746,0.0034390570995712984
2022-W19,71,1970-01-01 00:00:00.000043961,358247.5247646521,75.6628746769271,1.0018432368324857,37.92190131356347,31374.088,589981.8836201667,58.3795615466452,0.5515134661318829,25.937819727989133,65332.99733333333,786.4115223729139,100.83845554711573,120.18488534978152,0.0,0.0,3220.231794950748,170185.620495,90885.1869,1038.440010342882,0.0,0.0,0.0,30288.51909,139897.10140500002,0.0,90885.1869,0.0,0.0,7455.17743183905,29187747.50076782,1.009612775168069,0.8002885649285314,0.8221877372449599,0.0034791739571329887
2022-W20,72,1970-01-01 00:00:00.000043968,347619.1766862122,75.8568219269866,1.0028736590945786,37.591783692192536,29945.654,606233.3560601891,58.0187557260578,0.5362589188077536,28.18974121488627,73128.31133333333,1471.926375678505,167.27676386080267,51.80921446420983,0.0,0.0,2852.7963717348366,167538.89205000002,161899.953672,0.0,49169.75220037726,0.0,0.0,27641.790645,139897.10140500002,0.0,161899.953672,0.0,0.0,12815.627200548379,4383196.200495124,1.033292939377005,1.0128008590471222,1.3634444181552547,0.006116426386604932
2022-W21,73,1970-01-01 00:00:00.000043975,332541.2786407125,74.56590586151,1.0315983527249644,24.29140710518,16767.229333333333,597805.1312927984,57.563948313883,0.5307551530041785,29.784024361900602,81457.43466666667,1650.8965044755707,225.3800872940129,0.0,0.0,658494.265707986,2538.6854730872615,159074.595594,1020188.513076,0.0,49167.36423993869,0.0,0.0,19177.494189,139897.10140500002,0.0,705106.1244150001,0.0,315082.388661,280782.266570402,45701957.002471074,1.0216850459742775,1.1377321470169672,0.930701299348497,0.0059872981424426265
2022-W22,74,1970-01-01 00:00:00.000043982,381307.154404425,73.3411322331255,0.9699867560964357,30.534705333702533,21779.019333333334,629813.237396611,63.718954327358006,0.5386243227699186,27.838525445628402,80381.65466666667,3761.79923205546,103.34477949142502,0.0,0.0,659423.9840588619,2828.2638480479795,149276.79294,417621.686892,0.0,0.0,0.0,0.0,9379.691535,139897.10140500002,0.0,102539.29823100001,0.0,315082.388661,0.0,6370599.703254521,1.0374436180917082,1.2489247412491695,0.5563386106858181,0.009081024485587477
2022-W23,75,1970-01-01 00:00:00.000043989,381612.57840904564,74.7577769762948,0.9330909096234857,39.211289298725,29624.368000000002,616999.8865478016,63.5579672638834,0.5254793609271179,36.65147905264173,109542.95733333332,745.6145326936033,163.75957925612934,0.0,0.0,658574.0151941285,2363.0713981110166,8164.617438,1034128.16766,0.0,0.0,0.0,0.0,8164.617438,0.0,0.0,719045.7789990001,0.0,315082.388661,690238.0747384415,13177697.977897182,0.91932147745776,0.6106295358024483,1.7992158785667667,0.005895625541196043
2022-W24,76,1970-01-01 00:00:00.000043996,366744.3564664629,72.9075001110478,0.9192828618782715,41.78515002455287,31111.054,595538.6939569922,62.936325761213,0.5170047436764758,38.191578834120335,106301.90000000001,1175.6408724509613,142.15165195350795,12.941559361868988,0.0,0.0,2817.747521586078,78663.77926200001,617997.024006,4193.6670757222855,0.0,0.0,0.0,78663.77926200001,0.0,0.0,617997.024006,0.0,0.0,0.0,298766.69248077436,1.224519225274701,1.1781454978966106,1.0029558708204096,0.004578128526402468
2022-W25,77,1970-01-01 00:00:00.000044003,353359.71615338384,72.1572339679311,0.9269748072398143,42.72149395351,28174.131333333335,584677.0647117946,60.8943621122005,0.5149754671988936,35.19197063074606,92662.23266666666,641.5573432445572,157.33921980128625,0.0,0.0,0.0,8634.639616454384,14603.790399000001,886209.0907950001,5695.883429885856,0.0,0.0,0.0,14603.790399000001,0.0,0.0,886209.0907950001,0.0,0.0,0.0,9066363.210563099,1.3399534647192923,1.2379037377898712,0.9262679357648964,0.005029243900252744
2022-W26,78,1970-01-01 00:00:00.000044010,365049.1377883257,76.3312584406713,0.9878488137726142,40.32246059572034,32544.347999999998,632584.9381703616,59.533660692859,0.5172867795415365,32.12927750857467,101662.37199999999,982.9346619715553,89.97849189817714,0.0,0.0,0.0,22651.63435451889,50728.852809,520978.232052,1444.2573444852362,0.0,4444.1482320000005,0.0,46284.704577000004,0.0,0.0,520978.232052,0.0,0.0,23546.586729888186,8889365.502649786,0.460919969544717,1.1406873330132519,1.7935239698150949,0.007931741894435301
2022-W27,79,1970-01-01 00:00:00.000044017,352878.6732008609,77.8436161113961,0.9838210943332214,40.047629204125734,32111.668,612113.2918014443,60.361250359680994,0.5166334341904986,37.414493295275065,109185.18866666667,599.020305670885,61.03609322860978,0.0,0.0,0.0,25017.348090909294,298395.24019800004,0.0,0.0,0.0,195362.58393300002,0.0,72505.31001,30527.346255,0.0,0.0,0.0,0.0,26788.11689663954,7785451.497978091,1.0527975393730897,0.9357862414797364,1.616567074510435,0.010047798932978916
2022-W28,80,1970-01-01 00:00:00.000044024,343321.40917804703,77.1232250500111,0.9825764889957499,41.85041360871667,33104.85133333333,611759.5483521282,62.7301253113618,0.5062716882377386,36.347855251727005,107075.48133333334,1339.6602209401644,70.92659936474246,0.0,0.0,0.0,20496.833802552057,120575.002275,0.0,0.0,0.0,67316.54448000001,13009.864443,0.0,40248.593352,0.0,0.0,0.0,0.0,0.0,3357386.583253123,0.7814744636889421,0.7503933211862055,0.8535882430750642,0.006729583029413485
2022-W29,81,1970-01-01 00:00:00.000044031,331195.0226075265,74.6653167057607,1.0133273286438857,33.85554050837734,24073.433999999997,600557.9880411217,62.48026628781609,0.5086158992910536,35.31877778870906,101250.41733333333,375.00611224125976,120.50912012246629,0.0,0.0,0.0,24429.54050916059,125954.82953700001,0.0,0.0,0.0,76759.70515200001,11731.975530000002,0.0,37463.148855,0.0,0.0,0.0,0.0,0.0,16989014.319282137,1.1486137377758954,1.3005134058375742,1.2153601739453321,0.005342307280837307
2022-W30,82,1970-01-01 00:00:00.000044038,327652.88492549554,73.9424094885667,1.0260721453128285,28.9951613516012,19110.798666666666,614733.0900480305,60.9295772215783,0.5056076779721007,34.01568751730414,96693.04733333334,456.60417941724313,71.27164759202485,0.0,0.0,0.0,27769.693379661505,106157.03904,0.0,0.0,0.0,39823.284702000004,0.0,0.0,66333.754338,0.0,0.0,0.0,0.0,48366.9997358978,15571805.678060856,0.5552194636427359,1.4808014326361336,1.317582716161106,0.005304538694348157
2022-W31,83,1970-01-01 00:00:00.000044045,349088.8311017699,75.6933238759343,1.0171562134748857,27.969056053324397,21800.518,657723.4114732423,60.821873556522604,0.49375929857386425,35.06653918756653,118704.91666666667,561.4716507266701,38.19286226810615,0.0,0.0,0.0,39069.29622077759,66207.47038500001,0.0,0.0,0.0,22652.59302,19362.012711000003,0.0,24192.864654,0.0,0.0,0.0,0.0,1086769.3731355746,15479961.941774044,1.5766432464097506,0.8658986312997713,1.1954803870998885,0.0059919947147938565
2022-W32,84,1970-01-01 00:00:00.000044052,337028.8978707909,75.2572458995371,1.0044398599390643,40.34662636542747,30215.860666666664,622486.66411418,60.2566609221648,0.4941926193964957,39.6436179158576,114848.23533333333,484.64406594760385,104.30054354483308,0.0,0.0,0.0,52895.166033225076,114603.01450800001,0.0,2775.668860605249,0.0,32002.84011,4200.086499,0.0,78400.087899,0.0,0.0,0.0,0.0,815171.3425221365,1906902.1068574078,0.22150601488155147,0.46816194133546074,1.3073518961037265,0.006617293465098252
2022-W33,85,1970-01-01 00:00:00.000044059,340979.2926263998,76.8221654533904,0.9801275783067714,38.24381633123273,29253.56133333333,599562.0601739238,61.2092974277688,0.5043221349552615,37.96992306268113,101592.51333333332,417.5120849066925,151.7400618883914,120.94621131360508,0.0,16214.261153852314,11768.781855875372,499937.231655,1734288.279636,2767.0891502804643,37536.58935284917,58072.297392,7767.444591,0.0,434097.48967200005,0.0,0.0,1734288.279636,0.0,71612.0461228563,7942152.9238596875,1.4283440504930294,1.291458823565671,1.340675353983348,0.005943556079206903
2022-W34,86,1970-01-01 00:00:00.000044066,343726.139535532,76.7166362401171,0.9666077558000357,36.210302615206466,26017.217999999997,597225.9815178841,64.1281667189518,0.5125003302390307,35.016799144122864,97011.73466666667,1005.1712224728525,195.53476080707335,0.0,0.0,2381643.2066948735,22915.75931716802,778821.9282750001,1816043.7256230002,0.0,37550.200099141366,75010.705119,38656.630359,185119.84299900001,480034.74979800003,0.0,0.0,1816043.7256230002,0.0,5565639.79277615,22973816.197985973,0.8076167933629745,0.781286160327015,1.4059002837493288,0.013731870693142826
2022-W35,87,1970-01-01 00:00:00.000044073,346493.67670997983,77.8728041573468,0.9671457627297572,37.560862068157,26662.521333333334,608669.8119670467,64.0982731647357,0.5151824019986221,33.67083860152527,98550.85533333333,362.9560240404962,201.71072755533206,975.7271436164042,0.0,0.0,11766.640306173342,399744.32853,0.0,0.0,0.0,28421.741277,0.0,69133.593897,302188.993356,0.0,0.0,0.0,0.0,168664.69795799756,7709333.815793735,0.9472688214889686,1.3560056677786059,0.8605939112114884,0.004852957202493625
2022-W36,88,1970-01-01 00:00:00.000044080,349082.3599095205,78.1233261987677,0.9688573944170714,40.9537722620888,29548.20533333333,625075.3674557973,61.9104536144832,0.5155940585456785,34.0884669582926,106499.12199999999,428.0040599383465,65.67643674354,135.27392540319764,0.0,0.0,3322.048119353959,253632.48626700003,965124.783642,0.0,0.0,100477.53276,19729.086792000002,44565.80331,88860.06340500001,0.0,965124.783642,0.0,0.0,2244419.65403877,5463971.992917702,1.029359904524873,0.5420424806024111,0.9779079639184612,0.0061699982322830065
2022-W37,89,1970-01-01 00:00:00.000044087,328800.18704374245,75.4845617866785,0.9879108136349928,29.876372266621065,18938.345333333335,596732.6729784452,60.0292829379712,0.5198373787078393,31.676389691529867,87547.82466666667,678.4921964513696,174.11658429501549,334.3532118407463,0.0,0.0,2741.835778661919,247433.449113,933088.573161,3431.179073417126,0.0,61958.964132,35455.037706,83219.162064,66800.28521100001,0.0,933088.573161,0.0,0.0,366461.5907722552,23251740.764565893,1.553679347180143,1.4085590827131242,1.5906725752259523,0.004412149984880716
2022-W38,90,1970-01-01 00:00:00.000044094,317240.7902524516,74.6815187290577,1.0239148510001643,28.50214050931987,17675.176,601120.3215663234,58.3195366026292,0.5189882468079522,26.9647310885956,73938.474,135.17167402372627,85.42982936285006,816.6623834208425,0.0,0.0,3011.981576284716,132209.48397600002,219645.090564,3457.595836126643,0.0,0.0,14486.012619000001,26885.395569,90838.075788,0.0,219645.090564,0.0,0.0,437118.4519016717,8112844.077489028,0.6226449502640696,0.5965014290855697,0.7877495213112864,0.0039030362136415553
2022-W39,91,1970-01-01 00:00:00.000044101,320284.2315818873,74.1873493226028,1.0364385908462144,25.164440053282068,16485.572,618550.8200625071,57.2044498098255,0.5066788765263336,29.504627314944532,84762.658,126.56313143721967,163.7915685939005,60.63981529071748,0.0,0.0,2759.079413681496,198826.55930700002,374927.895963,0.0,0.0,57310.66774800001,0.0,99335.74261500001,42180.148944,0.0,374927.895963,0.0,0.0,6010841.393601102,64618832.628793165,0.9864075026764754,1.0280133541577503,0.7627186142326989,0.0038264828455111264
2022-W40,92,1970-01-01 00:00:00.000044108,333192.33034390217,65.4204459095477,0.9872865647233429,24.156513268541,15060.224,607256.3700777458,57.3462431006622,0.5069161271172657,33.077309560236536,90654.47133333333,0.0,70.76631643106931,104.78289205733876,0.0,0.0,2790.8043391211854,235214.004438,45227.321841000004,0.0,0.0,27599.25978,31092.679599000003,0.0,176522.06505900002,0.0,45227.321841000004,0.0,0.0,817640.6530264815,19804387.742718913,1.1075368027568557,0.9624404148166203,1.0068808227559793,0.0046507864797829136
2022-W41,93,1970-01-01 00:00:00.000044115,339268.31859164214,65.2002049579844,0.9644031860996571,37.03180197304054,28564.328666666668,618440.8379141856,61.2761362735132,0.5013648518186793,33.269596318303265,98958.01000000001,126.95027606856948,98.5351583946455,0.0,0.0,0.0,2524.955499282454,213036.44846400002,0.0,0.0,0.0,0.0,0.0,33018.346302000005,180018.10216200002,0.0,0.0,0.0,0.0,1261540.6189563703,1423946.3952273435,1.4112242638845593,0.6516595604171506,0.770329048736373,0.002606371199467565
2022-W42,94,1970-01-01 00:00:00.000044122,318601.13308021997,70.1638526551083,0.987644359849,36.752504061795065,23183.906,591687.955767227,61.3311875997118,0.5051938024770636,36.7976457015494,104201.654,86.65711449250107,76.38645736125277,89.7078776380253,0.0,0.0,3139.423379100524,119872.26152100001,853848.3370980001,9409.126406820773,0.0,10446.234765000001,5125.2963930000005,52624.420746,51676.309617000006,0.0,853848.3370980001,0.0,0.0,11401.376969015635,6306028.001887682,0.8126224808788383,1.1190269175754848,1.16269871655447,0.003697426061185029
2022-W43,95,1970-01-01 00:00:00.000044129,315156.0375433097,73.6965348582619,0.9740811545597785,38.02267311379686,23908.09866666667,573819.5944719908,60.206721118297594,0.5081029948052515,35.45613560161333,93076.94933333334,88.96753129595297,80.4808387698916,70.25405851163458,0.0,0.0,3403.3392416842503,238178.732889,955403.536545,9466.594236640121,0.0,29093.728944000002,33581.716683,75807.668097,99695.61916500001,0.0,955403.536545,0.0,0.0,7283.365861169802,38701089.58219336,1.006929006834932,1.210427990680391,1.1015433768712655,0.004876889901141612
2022-W44,96,1970-01-01 00:00:00.000044136,332323.7051430427,74.5694740237348,0.9666912859140143,36.70292973078187,25802.068,602649.1076903706,59.309267348412206,0.505746400770695,34.773463229925866,92986.22866666666,0.0,99.29953630601882,187.82265527480175,0.0,0.0,2792.1276498186926,321019.697415,94374.02647200001,0.0,0.0,92663.631378,20822.457183000002,17035.247235000003,190498.361619,0.0,94374.02647200001,0.0,0.0,5185583.555241153,9625733.50248979,0.8419967021740222,1.1226067670814164,1.5172533966320603,0.003910657677282862
2022-W45,97,1970-01-01 00:00:00.000044143,312310.7330848557,74.6254519139209,1.0030666061132643,31.1634118040928,17590.14933333333,572103.56230319,60.058325939421195,0.5197195687752807,33.111836251306265,81787.77933333332,0.0,50.50589450139716,13.06300045536575,0.0,0.0,3466.4071258264703,297074.82042,0.0,0.0,0.0,46796.383599,35814.914256000004,34123.494471000005,180340.028094,0.0,0.0,0.0,0.0,3037839.36743212,16146868.206512468,0.8124167944035144,1.1245906181796537,1.7178120798066994,0.004398939447902466
2022-W46,98,1970-01-01 00:00:00.000044150,350859.9706435603,78.8050495258247,0.8707766280759,43.1747332932174,30439.86666666667,549869.9073417275,61.335460684495104,0.5307923764335521,28.251067214002664,65416.80533333333,0.0,45.2038792670818,0.0,0.0,0.0,3024.556257137921,230737.140156,0.0,0.0,0.0,49488.260193,107215.730418,0.0,74033.14954500001,0.0,0.0,0.0,0.0,0.0,8669104.527825348,1.5339179539070802,1.7252332523961265,2.009571120283839,0.004394874667293754
2022-W47,99,1970-01-01 00:00:00.000044157,333930.0046416914,74.4006544885575,0.8786906113821215,39.09559011208427,22847.672666666665,548556.6998952797,58.7573501973954,0.51004123066695,35.502584680883935,85676.108,0.0,96.85969995435094,0.0,0.0,0.0,3164.619125684141,197048.76915,0.0,0.0,0.0,23344.210317,92992.754841,58269.248013000004,22442.555979,0.0,0.0,0.0,0.0,1104332.5950012228,16154198.056481235,0.9034086108306152,1.3080872017896878,1.43599121850928,0.003938433678108954
2022-W48,100,1970-01-01 00:00:00.000044164,338770.31894780864,76.4919725207948,0.8920512273326785,37.35473621590386,20319.682666666668,562433.9445659374,62.0017855231269,0.51191923156041,33.3447898834618,84448.276,0.0,62.02325654504819,45.46311731829267,0.0,0.0,3308.148278690772,53038.605939,0.0,0.0,0.0,38773.099497,14265.506442000002,0.0,0.0,0.0,0.0,0.0,0.0,652409.0783836166,10980772.440554552,1.533276079966783,0.8944041823934036,1.9462910848182684,0.0040906935850763505
2022-W49,101,1970-01-01 00:00:00.000044171,342783.26826144825,77.0839395394004,0.9039610358449928,36.38592766295653,20412.24,561077.9206135276,62.309546195813695,0.5198017959297871,33.317811806632996,84742.534,0.0,74.27252015116854,51.676904446167285,0.0,711354.8869576075,2320.7210452095374,110442.84159000001,412472.83494300005,0.0,0.0,67626.692634,6802.975437,27306.778293000003,8706.395226,0.0,412472.83494300005,0.0,0.0,13041.136956739345,4471682.227845372,1.4724809152576714,0.5839646315444218,1.1686393505722812,0.004358813944270063
2022-W50,102,1970-01-01 00:00:00.000044178,341320.7684861852,74.556499590447,0.9086284974655214,38.6917476516916,26914.88333333333,549585.1662845351,61.060324769725895,0.5258286186147185,27.2937675013298,64535.19666666666,0.0,84.49489484983889,0.0,0.0,743198.6580331665,2783.38554333914,201623.12726100002,270271.214976,6686.142165266318,0.0,100756.927827,64427.062944000005,26912.877051000003,9526.259439000001,0.0,270271.214976,0.0,0.0,545990.8768165169,10512.882911402332,1.6971931718405961,1.3923298828923887,1.7349733165418457,0.005083177517032945
2022-W51,103,1970-01-01 00:00:00.000044185,330175.6305362345,70.5989764401207,0.9548402146785501,36.07386717641413,22490.668666666665,566701.2228679236,63.508981226170505,0.5106725773415371,35.48828321000833,90062.292,0.0,66.86449704081973,0.0,0.0,5949.758454438923,2745.147592287156,477815.29296600004,426473.34138,6717.757514221373,0.0,60521.420895,86708.65595700001,298425.99328500003,32159.222829000002,0.0,426473.34138,0.0,0.0,2480856.5465897303,13106048.609852837,1.4167939577912065,0.42980172707840386,1.1043643007691133,0.0038479923095654633
2022-W52,104,1970-01-01 00:00:00.000044192,348953.2246591225,68.5040211856319,0.9083679529262928,35.1770137735096,26910.978666666666,531114.4989547923,64.7981442493034,0.5086117376344872,41.20118119499427,91654.95866666666,0.0,98.76006557661526,0.0,0.0,0.0,2318.3381355944516,326926.253082,81923.606484,1629.8311120734083,0.0,205912.855737,92375.075817,28638.321528,0.0,0.0,81923.606484,0.0,0.0,4263035.839468546,5874198.953772841,1.2917572969828224,0.5763327167702958,1.7373488193487416,0.0035885238140437184
2023-W01,105,1970-01-01 00:00:00.000044199,310227.05394597683,70.5118981281317,0.9745218468927072,31.952546367868734,17831.177333333333,529472.8463292524,62.527120154686,0.5085573252161865,37.029057202476935,81623.80133333334,0.0,101.82544076561125,0.0,0.0,0.0,2238.5504149739354,166995.80562,0.0,0.0,0.0,111909.17495100001,34680.975963000004,0.0,20405.654706,0.0,0.0,0.0,0.0,83599.03424546051,4246856.295345738,1.275110401910906,1.0970365233371064,1.753012425489238,0.004053263730304611
2023-W02,106,1970-01-01 00:00:00.000044206,308573.15826234786,72.1802318166169,0.9676364546927928,34.733077038988,19293.448666666667,565554.7886809907,61.721805719543,0.5077000778157357,38.8234459142236,96971.18333333333,0.0,54.896230936221876,0.0,62.923150299550144,0.0,2879.3774930346813,164627.817921,390555.044406,0.0,0.0,78703.038522,61956.346848,0.0,23968.432551,0.0,390555.044406,0.0,0.0,2777744.224738952,2839393.4675016743,0.9975437570106133,0.6423046532299178,1.8550616252197973,0.004868760339924231
2023-W03,107,1970-01-01 00:00:00.000044213,318166.30399839644,73.6780931598303,0.9324801961455214,40.2745757990304,25269.789999999997,561282.4048551674,60.290117235483706,0.5092081744463371,33.54657090392747,81173.844,0.0,114.5893795247873,70.27231419612959,80.42059328816833,0.0,2847.418243255679,226719.609216,406512.624954,0.0,0.0,178526.25028200002,25008.802941,0.0,23184.555993,0.0,406512.624954,0.0,0.0,1108910.379065907,4653217.54928166,1.1157075447981528,0.8133642054578655,1.448195091472891,0.004638253406239436
2023-W04,108,1970-01-01 00:00:00.000044220,316175.4180830635,75.5012996857348,0.9155290458254071,37.2831268585022,23799.851333333336,543510.3807656298,59.206946076322396,0.5107224198054564,38.4080487163406,87531.34933333333,0.0,54.23105939650506,105.56380650339968,0.0,0.0,2841.5167046264983,295817.869779,368819.809428,0.0,0.0,139516.94090400002,132228.45928500002,11459.123673,12613.345917,0.0,368819.809428,0.0,0.0,851207.0266223765,54819.07786256822,0.8827585161225271,1.3663522256864185,2.21915355478239,0.0042971505668263675
2023-W05,109,1970-01-01 00:00:00.000044227,334632.3639458682,74.7673562673544,0.9417959100818857,40.1201825211126,28568.034,597489.7430081959,63.532484809996504,0.49709586469135075,37.7465831462982,104740.874,0.0,128.3647429203692,13.216365423750748,0.0,0.0,2286.7523695132836,390113.377731,638701.7034090001,0.0,0.0,148602.187989,195102.164175,0.0,46409.025567000004,0.0,638701.7034090001,0.0,0.0,15626.567572668528,8129598.766749454,1.1907050484614845,0.7164917334951593,2.1158172977136434,0.005200548057109031
2023-W06,110,1970-01-01 00:00:00.000044234,349553.34642941126,71.810342949843,0.8748234909624,33.365924895361395,23001.086666666666,575477.6702879097,66.4130754911966,0.502443402264155,41.23633602199546,110669.456,0.0,106.42577705532898,0.0,0.0,0.0,3280.0520783160646,322239.35175900004,209333.64592500002,0.0,0.0,129381.508614,152248.06460100002,0.0,40609.778544,0.0,209333.64592500002,0.0,0.0,11126702.459688054,1196217.827030885,1.2034707195083918,0.8976020338292198,2.6489094236722397,0.004943281317750317
2023-W07,111,1970-01-01 00:00:00.000044241,350005.14567646,67.936651722469,0.8620044637941501,39.2023905070185,27364.024666666664,562693.3889784027,67.1280428369499,0.5123070595327186,39.011706703857335,97361.60466666667,0.0,96.052996607175,16.726459416314306,0.0,0.0,2808.5337160263007,277503.424989,0.0,0.0,2698.4668747387877,166271.47227300002,111231.952716,0.0,0.0,0.0,0.0,0.0,0.0,5621931.755963117,2830640.6805882934,0.754239205784052,1.4752013339357657,2.6553751699862014,0.004804909411195971
2023-W08,112,1970-01-01 00:00:00.000044248,334511.81593480374,70.9273779826721,0.8788529504147429,38.25291170127847,22772.297333333336,564049.53417231,63.890904876083894,0.5119530254854457,38.96069684870013,98578.35933333333,0.0,98.14262249894556,75.02318436310735,0.0,246900.5156456672,2601.3887716974245,381467.834358,308071.33914600004,0.0,2685.666769103588,233188.22662200002,148279.607736,0.0,0.0,0.0,308071.33914600004,0.0,0.0,1131799.6920264175,6509541.663604072,0.4292779836884656,0.7922421840702979,1.9185147340792998,0.00476265262945139
2023-W09,113,1970-01-01 00:00:00.000044255,371839.6993329249,70.9991973823437,0.8673131510039215,38.275385801239004,29465.323333333334,602760.496383099,63.61556519967441,0.5069249698430679,34.71323577792987,99263.542,0.0,132.7593802967829,11.780173868780627,0.0,852066.4012559326,3798.517585351483,250887.60967200002,99719.82904200001,0.0,2725.229521205489,103039.85379600001,147847.755876,0.0,0.0,0.0,99719.82904200001,0.0,0.0,72469.99781073403,15926510.407915661,0.7174208773435675,0.9805875273970399,2.5832606316661404,0.004992053221639873
2023-W10,114,1970-01-01 00:00:00.000044262,344692.348333989,66.9029596045715,0.9274478487648643,41.72261718256733,33634.238000000005,594585.3344979171,61.7443753250769,0.5043299782063607,30.4728220905678,84538.67933333333,0.0,72.36278310953793,26.126183182729253,0.0,703213.2672565089,2881.530296527414,159592.163505,260962.19010900002,0.0,2696.5316716144366,111718.76754,47873.395965,0.0,0.0,0.0,260962.19010900002,0.0,0.0,0.0,3666644.0388198295,0.8076336393958755,0.6894366782005724,2.404661821938966,0.004477186474619857
2023-W11,115,1970-01-01 00:00:00.000044269,336685.22836619965,70.5257003896684,0.93912278167475,41.9030495331076,34346.992,587403.224369768,62.62455262691,0.5010250900437407,33.607955101286,86156.46266666667,0.0,122.51824661771957,118.19522867973126,0.0,158488.82795180153,2777.7516675970937,157292.22519,904817.325714,0.0,0.0,78943.174329,78349.05086100001,0.0,0.0,0.0,904817.325714,0.0,0.0,1951463.0662645313,23906654.868254654,1.0376445726519212,1.2836542178717383,2.013250562088314,0.006507205656946084
2023-W12,116,1970-01-01 00:00:00.000044276,332173.0377378634,70.8141983604438,0.9609055207428572,37.067902345267534,28938.091333333334,607141.0503334459,63.1983740955808,0.4873448672464971,40.02199065571313,110678.77399999999,0.0,139.64034119729797,174.14914370175043,0.0,0.0,2848.240211151269,851523.534585,98871.829026,0.0,0.0,0.0,198350.86794000003,142882.768128,510289.898517,0.0,22311.037458000003,76560.791568,0.0,504864.33385765116,7655289.44235834,1.2046801788572572,1.5166384200403569,1.1167922292208163,0.005244921912087295
2023-W13,117,1970-01-01 00:00:00.000044283,345892.56713609793,70.9256898439808,0.9826698123759143,34.79895155589987,27810.644,627483.4531682888,64.7510064526582,0.499690703972025,38.5112813960638,112630.406,0.0,121.0196566781943,153.87636171420016,88.25137820865534,0.0,2409.0264322157514,228780.72036600002,293836.585791,0.0,0.0,0.0,74281.79152500001,41218.297074,113280.63176700001,0.0,157326.249882,136510.33590900002,0.0,816432.3976928375,26801997.485599358,1.2359662272522263,0.7845255347325465,1.683833552170396,0.0050110276612285775
2023-W14,118,1970-01-01 00:00:00.000044290,376652.0622537464,67.4536603933097,0.9272282715534714,24.386102880004334,22881.362666666668,634531.4074181041,63.230950470703306,0.5091972573811601,36.389706994850805,114008.30866666666,654.6036911250407,95.79395676388687,43.571590645241116,118.898560791554,0.0,3544.6479799737417,572407.2083310001,310219.474989,0.0,0.0,90082.33503300001,168651.23775,97563.187026,216110.44852200002,0.0,169994.558763,140224.916226,0.0,9963.570779541156,1065845.336383162,1.4040939734912667,0.8687179477501691,1.6820233662995308,0.004229573589206801
2023-W15,119,1970-01-01 00:00:00.000044297,373698.265984738,65.1701785938861,0.9002509970431286,36.367662988730196,37520.41333333334,610930.0074476617,61.152987016385495,0.5189810038629293,32.7986660654732,98373.234,1092.914683356514,101.29014760700227,309.05889079068504,0.0,0.0,3875.7282622457387,433875.67485300003,1413748.8538350002,0.0,0.0,158178.175824,172880.11437300002,29013.901782,73803.48287400001,0.0,315732.783735,1098016.0701000001,0.0,0.0,15564170.11325325,0.9491776274341153,1.0842245188751924,1.872608209793226,0.004507502963326379
2023-W16,120,1970-01-01 00:00:00.000044304,370048.2346938031,69.0083388348369,0.9256120395054858,27.865451529773598,24391.177333333337,591468.2958536324,59.306767274892806,0.5419199458276143,30.192173585666932,77674.99866666667,478.0897430975999,106.46439173306568,16.782207612968207,0.0,0.0,3653.97205950812,738019.125036,254239.696155,0.0,0.0,46072.050252,117361.631844,468836.045883,105749.39705700001,0.0,254239.696155,0.0,0.0,956476.3128732687,7556618.565978596,0.7517448014309303,0.7529037858591869,0.9524677102611528,0.004046489095956779
2023-W17,121,1970-01-01 00:00:00.000044311,349013.9553083802,69.1407463127296,0.9512496736103285,24.6923389443006,18459.766666666666,603573.3733358356,60.187661268424094,0.5331911415488386,33.02606468502953,87741.45533333333,646.9325772643963,135.7419524838998,293.12148423090116,0.0,0.0,3048.9927646428628,515909.20726500003,123630.02702400001,0.0,0.0,53723.025705,197234.59631400002,34296.889536,230654.69571000003,0.0,123630.02702400001,0.0,0.0,26907.251611278,15417105.388746846,0.8673516994618578,1.6047421643674684,1.4735958002100473,0.0046597628702937785
2023-W18,122,1970-01-01 00:00:00.000044318,374701.66265977523,71.5392938319658,0.93224135499765,26.2460713556122,18660.945333333333,633889.6678444917,61.16127393866179,0.5335460346455336,36.09064057932767,109947.32666666666,1202.1585753906104,93.22285162450461,162.50444442576446,0.0,0.0,1517.3083109124445,283201.906578,97283.137638,0.0,0.0,73863.026085,129382.16293500001,10179.271797000001,69777.44576100001,0.0,97283.137638,0.0,0.0,24380.15204258068,3820618.2598708817,0.788372596129862,1.1807166815581143,0.9097460596107027,0.004657561114130739
2023-W19,123,1970-01-01 00:00:00.000044325,372008.21496305696,70.8482519379549,0.8962208953744,35.513812513836335,28474.115999999998,621720.3519268128,61.0157153225568,0.5299831494583093,36.244507408981995,107726.62666666666,109.02078632973299,176.41386287820728,189.69403044545876,0.0,0.0,4601.134728032883,207067.077981,643915.3331370001,0.0,0.0,131558.434581,17402.975637,14210.543478000001,43895.124285000005,0.0,643915.3331370001,0.0,0.0,38069.42760483887,24046601.328787617,0.9698537897911264,1.204739339267518,1.594795215714988,0.004135451843464242
2023-W20,124,1970-01-01 00:00:00.000044332,373782.07019599,70.5711865372447,0.8910007107420429,38.764115096088396,30058.324666666667,613002.4053786412,59.0310351745988,0.5353734946227878,30.951573199540334,89642.51400000001,555.7995374317296,205.04405729967334,30.955741561547754,0.0,0.0,3327.035130805717,366326.846418,414728.93375100003,0.0,0.0,76162.310079,30242.062299,75892.07550600001,184030.398534,0.0,414728.93375100003,0.0,0.0,0.0,3903866.8013412068,0.7866323377879989,1.468991446578828,1.7798625103373147,0.00666285288108739
2023-W21,125,1970-01-01 00:00:00.000044339,363678.1901626766,73.0902953462932,0.9105326950789071,32.11987510561146,22905.23,605834.3172848497,57.8800896542847,0.5421971819782543,33.22954170019907,92677.10866666667,1074.083795114163,118.54043999730858,131.6706809440295,0.0,0.0,4155.79139003921,215965.18926,295860.40064400004,0.0,0.0,54935.482518000004,13942.271868000002,56072.692416000005,91014.74245800001,0.0,295860.40064400004,0.0,0.0,1358813.8826332155,24760933.973468613,0.6225630672185051,1.3453207601618495,1.412219254885918,0.006599340684076514
2023-W22,126,1970-01-01 00:00:00.000044346,393813.54090482974,65.3928551173925,0.8953690294754072,35.376838528848666,29336.997333333333,650695.039938065,63.0969844239947,0.5207762243919378,31.584002440049,101659.05533333334,1173.919735205146,85.72376475925083,38.8520577021554,0.0,0.0,3156.693152628999,732208.100235,289355.795583,0.0,0.0,65144.19876000001,20617.000389,34864.185843,444975.57629700005,166607.13894600002,289355.795583,0.0,0.0,231799.60545203657,658847.5180870295,0.8506265773555821,1.4860090115918507,1.7453367874483472,0.0051758206417394596
2023-W23,127,1970-01-01 00:00:00.000044353,396999.1813593575,64.5466867553486,0.9049525525936357,41.2693984665994,37363.58933333333,652468.1118644803,63.691354840416096,0.525078916628955,31.98177833686027,99774.02533333334,504.86018257973365,221.47895632300143,11.030727798155262,0.0,0.0,4067.7146457938697,345719.006523,84808.507773,0.0,0.0,16774.173156,24323.728854,0.0,204027.75693600002,100593.34757700001,84808.507773,0.0,0.0,1517109.4437355883,6368806.960873153,0.5142473980459243,1.3873478637801333,1.358431088748799,0.006364938335641711
2023-W24,128,1970-01-01 00:00:00.000044360,385619.9424303676,64.5665987094743,0.9033856309069072,36.674145057297466,31413.944,641577.9679820684,63.41844603094751,0.5203626580294557,33.101450288902,100853.002,817.4262637855344,114.68658939585616,45.51280267733311,0.0,0.0,2888.8812662540226,1164773.1701250002,0.0,0.0,0.0,82979.680578,2621.209926,0.0,69028.248216,1010144.031405,0.0,0.0,0.0,32824.67987001786,244340.34276025716,0.45455036501710266,1.5100327277515981,1.5687446001981473,0.004640963259978565
2023-W25,129,1970-01-01 00:00:00.000044367,373120.3264363924,63.933443120252704,0.9412686088029215,27.3788773597266,19744.878666666667,656380.0217861601,63.9948822557097,0.5244952323843307,30.48482497102113,98618.75066666666,350.1243908108123,127.13353791199245,28.40921146631989,0.0,0.0,2851.9425100314265,1201337.281926,0.0,0.0,0.0,53030.09976600001,3189.814875,0.0,141015.33599400002,1004102.0312910001,0.0,0.0,0.0,302129.16360691015,17003151.179098684,1.1602835555024833,0.9910479958604351,1.7962030647485854,0.004239396809011147
2023-W26,130,1970-01-01 00:00:00.000044374,386119.487982671,69.6334806897652,0.9765706290047785,34.948448631409796,32462.677333333337,689665.7835502643,63.65280174282471,0.5133640629303136,34.884077092621,123554.98666666668,138.90697673863104,109.56346174500956,13.553727199782792,0.0,0.0,2837.0964365106893,1239081.788811,0.0,0.0,11757.532675132668,99057.65619000001,34461.124107,0.0,139723.052023,965839.956495,0.0,0.0,0.0,1402959.6125507941,39371215.90639853,1.0113622090383885,1.9944684580415013,1.4854117618670806,0.0038594895196635104
2023-W27,131,1970-01-01 00:00:00.000044381,355473.97091770306,72.0893983549899,0.9769819607512071,37.51952884046474,31587.263333333332,645055.9239321812,63.858420234504706,0.5000018038370136,36.31823062517513,108994.53133333333,74.32905821171676,190.96791557040186,69.5036239618773,0.0,0.0,2426.115152662354,1089539.995866,346271.90776800003,0.0,11818.752057880984,13848.049644,0.0,0.0,109851.98972700001,965839.956495,346271.90776800003,0.0,0.0,0.0,7407593.4709392935,1.0917306530421715,1.5257049754111032,1.4298092936363747,0.004365743739598111
2023-W28,132,1970-01-01 00:00:00.000044388,347082.1876731792,72.9973546776942,0.9953072508836429,36.446224026543334,28251.844666666668,640830.2739415484,66.4532606116581,0.5040009266121043,29.533769901369066,86491.04066666667,66.82879987612142,62.61934062425024,7.50034797858824,91.39100301521228,0.0,2441.7485825277213,103896.359985,507467.15772300004,0.0,12238.831228937686,0.0,13999.852116,0.0,77281.19898900001,12615.30888,507467.15772300004,0.0,0.0,66707.71997355312,14397144.270057254,1.0497631715548756,1.454758456074455,1.0678963826438097,0.004005333192293743
2023-W29,133,1970-01-01 00:00:00.000044395,339641.87315465097,70.6540320167424,0.9936997773268857,30.080179548982937,22839.32933333333,626798.2889255522,63.798171180407394,0.50555521427909,32.9243809434274,92389.22533333332,914.495350279488,162.40005265896087,2865.828336493449,141.89881573475566,0.0,2934.34540989778,162384.805533,344836.981815,0.0,12241.632633480123,21198.037437000003,78382.42123200001,0.0,42492.914382,20311.432482,344836.981815,0.0,0.0,17062.33065823608,5657575.884764739,1.1660965271820842,1.5053565867840901,1.4845579571077232,0.004073756999206781
2023-W30,134,1970-01-01 00:00:00.000044402,343156.7396977655,72.2491353370264,1.0066510529479358,25.6433241175688,20018.141333333333,626586.4489437989,61.3262697123175,0.5259404717164108,32.018543297525866,91272.44866666668,833.0392271110869,226.0102760680756,6.5967569883782,0.0,0.0,3536.5688739545003,121375.236858,278549.684268,0.0,0.0,0.0,33120.420378,0.0,72111.40876800001,16143.407712,278549.684268,0.0,0.0,0.0,19114377.674964692,1.0055568294132688,1.2292655236967494,1.1052034997739364,0.0035700629354458884
2023-W31,135,1970-01-01 00:00:00.000044409,351973.9706285111,72.8173540252455,0.991643854659307,26.35555911337613,20187.50733333333,677716.720319043,59.8844750256943,0.49789948114781357,35.793308783874664,124869.80933333334,460.4033919970072,115.26691014291066,104.17605516253111,0.0,0.0,3649.07639140907,350951.61156000005,152437.817691,0.0,0.0,0.0,98964.088287,6132.296412000001,226790.930205,19064.296656000002,152437.817691,0.0,0.0,185516.79874487774,18984674.557613447,1.3193182982672877,2.290975612691017,1.364493257262938,0.00546679118697861
2023-W32,136,1970-01-01 00:00:00.000044416,365404.3855784985,72.3265530551395,0.9439913663036643,31.4612195099878,27483.194,637900.6646806382,60.4876633635713,0.5234310099495971,36.56125852595013,110299.37466666667,131.9089877169204,120.19130819212452,110.09330293024169,96.88544299602935,0.0,4149.892472922203,259500.43699500003,439319.62557300006,0.0,0.0,0.0,16969.160814000003,34286.4204,208244.85578100002,0.0,439319.62557300006,0.0,0.0,69246.80900376303,1005413.7634547019,1.0224184537392098,1.4986774227238189,1.3279893499435755,0.006395593556065629
2023-W33,137,1970-01-01 00:00:00.000044423,373681.2425048921,70.1973073616641,0.90955348474345,35.135844801311066,32028.73,620265.0844598622,59.872732953234404,0.5273589561336328,33.3497559342636,93412.05333333333,325.2182024830928,131.00178051196858,34.30137290828479,78.49076606067288,0.0,2942.402907458151,188502.02824800002,390051.217236,0.0,0.0,0.0,5059.209972000001,40127.543967000005,143315.274309,0.0,390051.217236,0.0,0.0,1635651.6876578173,19254216.917918902,0.9851703872491866,1.2479979060652022,1.877072872674551,0.0047639228733916085
2023-W34,138,1970-01-01 00:00:00.000044430,362746.3714498051,76.55160896829,0.9468174697646142,37.2538453528586,29626.072,659647.2496721259,64.0460823657612,0.5189840118503765,30.9025260309638,98608.77533333334,204.73347183748245,158.80556388306593,225.98233673735223,0.0,0.0,3978.314419610347,157886.348658,319083.561576,0.0,0.0,0.0,4364.32107,13089.037284,140432.990304,0.0,319083.561576,0.0,0.0,41314.960705957084,686625.4553817959,1.306667463398208,0.8754068040634337,1.394668961011737,0.003508413762880657
2023-W35,139,1970-01-01 00:00:00.000044437,386845.6216632159,69.877570593067,0.9432566141011643,27.678661311341468,23760.572,709336.9946647363,64.602293899282,0.512396171730775,39.666351577286,146915.60266666667,692.342148202326,187.91310129787624,187.2730618265291,0.0,0.0,3118.7408556336923,252953.301069,56567.359092000006,0.0,0.0,37243.95132,6289.333452000001,0.0,209420.01629700002,0.0,56567.359092000006,0.0,0.0,212076.88938302686,11290636.6002185,0.9343316628708501,1.7265794384762652,1.5330303924184463,0.005405142014413394
2023-W36,140,1970-01-01 00:00:00.000044444,355352.5615497938,66.2280222762967,0.9874085240153143,26.2875575440892,20352.940666666665,676885.2147890364,63.9418594601149,0.5145045061404836,37.26471123569467,124227.266,240.97778847798077,127.92396612110981,166.83245487668614,0.0,0.0,3761.1249045053846,197465.57162700003,288937.684464,0.0,0.0,23696.889336,4170.642054,82057.742289,87540.297948,0.0,288937.684464,0.0,0.0,1004530.9396269516,15045922.331590397,1.2061814386316818,2.191056822102542,1.1463212594090382,0.005123825323119896
2023-W37,141,1970-01-01 00:00:00.000044451,341240.2408860948,66.9104295526422,0.99541515931955,30.634763312788866,20701.426,659492.1341456622,63.4056237594624,0.5184639030273887,36.7091221844206,115171.636,282.0362139788111,167.02710788057624,189.3736550510006,0.0,0.0,3820.4630187093517,156105.941217,2837840.559717,0.0,0.0,0.0,42784.741548000005,68651.35932,44669.840349000006,0.0,2837840.559717,0.0,0.0,83612.03425947647,3140545.433713634,0.7444889413427052,1.2246567914713813,2.1474331463184266,0.004247695736087226
2023-W38,142,1970-01-01 00:00:00.000044458,337317.01409801433,65.4657158562984,0.9968711500082215,29.049277828013867,21375.11,644820.355603016,62.920520802727395,0.5373698435030443,25.542650235874003,79691.58933333334,226.1870860925962,182.07407674375878,121.44720452118268,88.4172165408912,0.0,3594.9788178224208,162055.68207,373684.031742,0.0,0.0,0.0,12738.321228,14079.679278000001,135237.681564,0.0,373684.031742,0.0,0.0,836307.5564666116,15533288.75972518,0.9043219698356564,1.2752048067704995,1.3167855688768833,0.004244477784772019
2023-W39,143,1970-01-01 00:00:00.000044465,336426.6457937005,67.5551825633423,0.9946788444498714,29.508465730220532,22520.97266666667,644393.6917754549,62.742471755887905,0.5316923685999179,31.46306213925553,98668.49066666666,907.4978356047377,117.8232904046008,145.8383157265344,87.54441965859343,0.0,3840.8911704300863,141160.595256,288817.2894,0.0,0.0,0.0,48680.828079000006,7597.975452000001,84881.791725,0.0,288817.2894,0.0,0.0,78532.47748866658,24071020.544647634,1.2596065819264874,1.2964619825733308,1.7759592130058826,0.004804062581902485
2023-W40,144,1970-01-01 00:00:00.000044472,357045.6791504415,73.1786385816595,0.97462235476665,32.983101626750404,27200.703333333335,661972.9088112292,62.67196796604409,0.5306670247450442,33.80058390309353,113113.74866666667,519.7190373896639,147.84559213093374,78.45467963928193,0.0,637123.011265836,3424.787575020473,120529.19980500001,315476.94422400004,0.0,0.0,0.0,47308.062621000005,0.0,73221.137184,0.0,315476.94422400004,0.0,0.0,119929.82136570646,174152.63336587232,1.1107053580169441,1.8482957579673145,1.613377718315067,0.004498865304532894
2023-W41,145,1970-01-01 00:00:00.000044479,342007.25430902775,73.0411836568728,0.9733321490183285,30.146913349004397,22614.804666666667,645562.5887549557,65.498786904695,0.5239138072312757,34.43732053658193,112339.18466666667,190.0511840875644,97.76173661169504,74.06191639698388,0.0,728531.9979948914,3745.0518659000627,44009.63046,1110576.416016,0.0,0.0,0.0,5506.765536000001,0.0,38502.864924,0.0,1110576.416016,0.0,0.0,0.0,4464755.281210026,0.6070654128908909,1.6490176613613077,1.6670166308025645,0.003325159903771946
2023-W42,146,1970-01-01 00:00:00.000044486,332597.3391354777,73.7388663506579,0.9747185181731357,33.94588169402294,22798.823333333334,622869.4630498432,65.4620230966508,0.5232914763910078,35.496285128476195,105096.54066666665,183.966284175561,105.05875996459967,48.39649452635208,0.0,722220.0762811876,3684.9689730579184,12764.494068,1397528.890566,0.0,0.0,12764.494068,0.0,0.0,0.0,0.0,1397528.890566,0.0,0.0,132637.2136579691,4241758.260718986,0.819937759411634,1.0660560813688695,1.3249816477455076,0.0034052699549349946
2023-W43,147,1970-01-01 00:00:00.000044493,336512.1216241697,75.1705374588524,0.9624585845951571,35.723776400209196,26185.134000000002,609839.9503148347,62.6570966377833,0.5301484272309179,34.242732761289865,92314.72133333333,167.0362752573812,133.19434844725663,98.09901455624312,0.0,1564989.5770177909,3998.3296600301805,89291.26094400001,622990.147557,0.0,0.0,35846.321664,33616.395696,0.0,19828.543584000003,0.0,622990.147557,0.0,0.0,8281906.6519759055,13152549.992614213,1.0550499957986914,0.6638480568854779,2.0300231312189774,0.00426632598054375
2023-W44,148,1970-01-01 00:00:00.000044500,352799.5890020282,74.7836719413968,0.9643827653996999,37.075076934185134,30347.808666666668,635034.4982754875,61.7786432724252,0.5250591504773714,35.423867210124335,105529.67933333333,619.6856494832222,154.02207543760116,369.1160425409148,0.0,0.0,3678.4216117903343,78455.705184,134507.459328,0.0,0.0,29900.506737000003,8181.629784000001,0.0,40373.568663000005,0.0,134507.459328,0.0,0.0,269061.30763823894,22521575.078342993,1.4434670842975348,1.417062059629226,2.325872260753367,0.0031959337535871577
2023-W45,149,1970-01-01 00:00:00.000044507,332424.03192308464,74.1649580515631,1.00021516820725,31.022322128262733,21804.255333333334,628481.7332269888,60.990970976649606,0.5253623112500235,26.66694883053927,79191.24133333332,826.8015440121551,87.15072265032923,152.8936226986667,0.0,0.0,3722.3904014838613,169033.361214,330371.907468,0.0,0.0,1133.2839720000002,101823.471057,0.0,66076.60618500001,0.0,330371.907468,0.0,0.0,24591.63655672242,3181381.143104039,2.2486842736829207,1.6890889923569827,2.493376122560549,0.003703587949133496
2023-W46,150,1970-01-01 00:00:00.000044514,332432.04267940234,72.5463395385857,0.9713010931771,29.144765512290665,20409.77,611888.1196754845,62.485534136072005,0.530447948645955,26.857546748020933,77405.00533333333,101.91049117922977,84.6339804084861,245.3591901955525,0.0,0.0,4045.106562240908,210223.52248500002,451247.243082,0.0,0.0,8932.790292,177211.719393,0.0,24079.0128,0.0,451247.243082,0.0,0.0,201875.6022312656,45704365.96219935,0.6516464576989902,1.8047757607484902,1.3751756008473226,0.0033694892643297164
2023-W47,151,1970-01-01 00:00:00.000044521,335528.597886976,71.1938695007444,0.9495578416156715,30.105555584522133,20709.438,611093.2269302286,61.4005254570053,0.5207045221659214,33.40475494243673,96012.97733333333,3.996542390834216,86.42545159176554,159.5863230876906,0.0,0.0,5356.927079741886,115843.607124,365633.26615800004,0.0,0.0,7891.111260000001,67918.51980000001,0.0,40033.976064,0.0,365633.26615800004,0.0,0.0,869317.5317147636,2280675.2996053714,0.9520297108903018,2.222064397334538,1.8878912965372374,0.0035631990544180234
2023-W48,152,1970-01-01 00:00:00.000044528,367939.8116540258,64.8448356048276,0.9097620440438786,37.31004734778373,33327.45333333333,632266.3655454083,61.2868716340102,0.5132217442512228,36.39246990222707,113500.20066666667,4.0061203563828265,66.25231992391289,89.01638845428317,0.0,0.0,4810.156377456629,147324.299076,216484.720134,0.0,0.0,0.0,70868.198868,0.0,76456.100208,0.0,216484.720134,0.0,0.0,27612.55877202424,1729615.9840264285,1.5671918928649569,1.4413045722747992,1.3613651566919327,0.00377838715627582
2023-W49,153,1970-01-01 00:00:00.000044535,357688.97802420467,64.1550633454211,0.9184233000875001,41.465120853370465,33114.306000000004,611662.0087924376,60.240047647556295,0.5313983828339642,30.081533850522003,84873.14333333333,0.0,95.84400890219575,50.455690031171464,0.0,0.0,6158.866866126861,73089.618663,184139.670141,0.0,0.0,11378.64219,23666.79057,0.0,38044.185903000005,0.0,184139.670141,0.0,0.0,62354.06348825537,5100474.249942556,0.6165988359246322,1.2435083091437114,1.6733862354998221,0.0030640889466640783
2023-W50,154,1970-01-01 00:00:00.000044542,353554.88258543395,72.093151013497,0.8773544286380428,36.76320903099947,24788.86,650063.8168672365,59.6616520320632,0.47369400418083357,34.44573717716,120997.51266666666,0.0,89.8365442253583,114.57805135793852,0.0,0.0,6258.869464214596,87479.446095,397451.58774600003,0.0,0.0,13934.420016,18532.988004000003,1912.580283,53099.457792,0.0,397451.58774600003,0.0,0.0,37551.908392725185,2523914.4294159445,1.215957604401869,1.3205961122503727,2.190474113772397,0.0031933932657067375
2023-W51,155,1970-01-01 00:00:00.000044549,363060.4219685754,72.4584770677597,0.8673471528235428,35.51890532847027,24246.751999999997,604358.5012225773,62.2463302243021,0.5244982419244593,29.284343950958732,83264.33866666666,0.0,98.05811199048473,159.64966596572057,0.0,0.0,4531.114618209252,211773.60893400002,462021.29266800004,0.0,0.0,39975.087174,43781.926752,10631.407608000001,117385.18740000001,0.0,462021.29266800004,0.0,0.0,0.0,114748.8506776194,1.1521477367050137,1.15880316222223,1.5473106622219523,0.0034709839081089153
2023-W52,156,1970-01-01 00:00:00.000044556,338726.80437190086,71.1225765702247,0.8656829551651143,34.1337845053732,20228.737333333334,554462.85087461,67.3889903872846,0.51039063687077,30.9541194776116,75368.614,0.0,60.22415710067339,17.90920116642381,0.0,0.0,4800.858119471975,195384.17652600002,36748.630323000005,0.0,0.0,19647.950988,94574.24869800001,0.0,81161.97684,0.0,36748.630323000005,0.0,0.0,107337.58400626853,17496.17149105368,0.5248269655636726,0.8987354621254532,1.865607892504996,0.0034384656632393457
2024-W01,157,1970-01-01 00:00:00.000044563,370550.7279712185,71.4616151008998,0.8646815301692857,36.013558869878466,28768.429999999997,605055.8792376122,69.1319790235813,0.5017209634187214,43.79186842567106,134248.95266666668,0.0,105.59688333167426,28.057241262698124,0.0,0.0,5264.6709460149095,261336.46172100003,0.0,0.0,0.0,101601.65623800001,14264.197800000002,8411.950776,137058.656907,0.0,0.0,0.0,0.0,0.0,15540.375148480633,0.9076236139868973,0.27664725832715886,1.7165468259915777,0.0033156754156850026
2024-W02,158,1970-01-01 00:00:00.000044570,336166.87968924,73.3095747868594,0.9245840683149572,34.05046490931787,23208.268666666667,615770.840491818,67.6821617125829,0.5127464462130171,38.94319349055353,115433.17133333335,3.3640890303392905,91.84932230301523,25.242024740371733,0.0,0.0,5552.992149361331,291420.178338,0.0,0.0,0.0,203557.95445800002,0.0,0.0,87862.22388,0.0,0.0,0.0,0.0,0.0,3323226.6990810437,1.2600270036343961,0.530885442532555,2.666770098448456,0.003654915230652409
2024-W03,159,1970-01-01 00:00:00.000044577,330058.6023723666,72.1679642260753,0.9522855005848928,33.6770808801766,22391.60266666667,607372.8080841288,65.8995701733324,0.5199051697581235,39.009742357495604,109238.596,0.0,62.513999737540196,33.20105269017732,0.0,0.0,5624.587639259007,453377.71225800004,0.0,0.0,0.0,192677.90487,0.0,0.0,260699.80738800002,0.0,0.0,0.0,0.0,0.0,994772.8213245699,1.3227893497765975,1.1209380135558118,1.8995698258813691,0.003999744118956774
2024-W04,160,1970-01-01 00:00:00.000044584,327743.7611915748,74.1484431291982,0.9525786052135501,31.222771871774935,20301.827333333335,603029.5631227377,64.3861325334778,0.5213997825413629,36.1859906761,99767.0,-1.4733618997426483,145.05366201385894,215.4697135336895,0.0,0.0,5627.717314854497,419685.415326,0.0,0.0,0.0,118326.755319,0.0,0.0,301358.660007,0.0,0.0,0.0,0.0,1677887.423032319,24223.226339137414,0.6200611664188043,0.8005790833134614,2.221798480874544,0.004175207148565486
2024-W05,161,1970-01-01 00:00:00.000044591,344414.0328151569,73.0191322711529,0.9436477861136429,35.695491658368,26350.065333333332,635223.1119850725,67.5594404000518,0.51788413669682,36.269010711565066,111352.59933333333,2.2204216877367107,41.58587441977678,75.88210133522892,0.0,0.0,4632.055924239527,746577.643716,201278.95441500001,0.0,9106.326857967219,53326.507179,0.0,0.0,227108.93021100003,466142.20632600004,0.0,0.0,201278.95441500001,0.0,2633879.3388490155,0.500635184170971,0.8840653753890478,1.4765066230179436,0.004255486565587234
2024-W06,162,1970-01-01 00:00:00.000044598,354252.8066226152,71.282585453515,0.9044020382643357,34.9947669007066,26053.483333333334,618118.7709494026,66.6937910329204,0.5252871540334072,40.05586212008747,118346.746,-0.7424554854152863,66.28834575888283,200.4541763017464,0.0,0.0,8887.336135063848,812712.48447,698521.037871,0.0,7991.802828168359,78606.853335,0.0,0.0,260589.88146,473515.749675,372228.16751700005,0.0,326292.870354,819972.5884724631,102354.4621954255,0.6670232731990602,1.263785346862887,2.0725801873486076,0.004625720332695945
2024-W07,163,1970-01-01 00:00:00.000044605,349740.4823579907,70.7455016850511,0.8798416262990643,42.930715204472,31183.09,593608.3414171333,65.2239363565765,0.5314010845036493,33.385754292366464,89864.76066666667,0.0,67.88279938051538,62.589504174494536,0.0,0.0,10522.272002854697,882177.1647930001,681165.827667,0.0,0.0,168739.571085,0.0,0.0,270583.980414,442853.61329400004,369459.081045,0.0,311706.746622,175981.00998809494,3600257.8271088274,1.6465330428462015,1.793123953555311,1.8708112703491677,0.0045347083314901
2024-W08,164,1970-01-01 00:00:00.000044612,336753.35039164795,71.6766892832287,0.9015062616734644,35.4552405085256,21835.163333333334,603998.4503291378,64.9464213734627,0.5178304680454308,42.489665454154334,119594.84866666666,0.0,70.82202504263398,38.734149120645526,67.6775852411809,0.0,11997.945898742542,873419.078208,488981.280831,0.0,0.0,97561.87838400001,0.0,0.0,345205.364538,430651.83528600005,265049.079075,0.0,223932.20175600002,2326791.6570550855,16754280.438815009,1.1803571557462984,1.193786699960412,1.8753424342099119,0.00729107943955563
2024-W09,165,1970-01-01 00:00:00.000044619,357118.9381704644,71.272427851885,0.8974787138785,34.18239214845827,24825.696666666667,634816.6128891084,65.83844751157,0.5168815657378135,37.85520118969187,116534.34133333333,64.80353004432894,93.58882288813888,62.89839093644162,68.55437488936498,0.0,10427.084106711955,329614.858071,868365.757125,0.0,0.0,96728.92775100001,0.0,0.0,232884.62167800002,1.308642,242865.634212,0.0,625500.122913,0.0,8499174.278014315,1.3348181634180425,0.8999571417803159,1.41567071107442,0.004704644822848136
2024-W10,166,1970-01-01 00:00:00.000044625,359379.5625797327,70.9664432599095,0.9446217749133643,35.79348660247567,29971.307333333334,637250.6618278243,65.0943686266895,0.5306672284519186,31.6364241419254,94911.55466666666,97.46316448748586,91.52181441649701,54.98982153102436,0.0,0.0,7778.338837916983,372408.105792,687.03705,0.0,0.0,79359.976806,0.0,0.0,293048.128986,0.0,687.03705,0.0,0.0,0.0,1833081.3134165762,0.9188645974083768,0.9006103849432394,1.8591734686101455,0.003959096312869823
2024-W11,167,1970-01-01 00:00:00.000044632,338675.3342066706,71.6343507184982,0.9508247844719715,36.22816371436726,27993.52,632276.3066887767,63.6829675740037,0.519907525496895,33.958098422555935,101501.55466666666,0.0,29.22131364450125,42.217353592604965,0.0,0.0,5915.794409336299,465928.243359,470808.82369800005,0.0,0.0,175638.731709,0.0,0.0,290289.51165,0.0,470808.82369800005,0.0,0.0,63849.49850619399,607162.3799366668,1.0894208661623184,0.9327955068627345,1.0069210874351011,0.0036286635225545832
2024-W12,168,1970-01-01 00:00:00.000044639,317845.87617271364,69.0662246421799,0.9746000106997929,27.93846373579427,18714.830666666665,627874.2549268921,63.5943403660733,0.5067413450483629,38.816077153770735,118161.89133333333,793.8862637921326,25.278815470928414,6.206543501345773,0.0,0.0,3529.0328207704633,275451.474333,553240.8375990001,0.0,0.0,258464.646852,0.0,0.0,16986.827481,0.0,553240.8375990001,0.0,0.0,45067.9230607141,1428612.9438666517,1.571425442584843,0.6517620575122286,1.4610785281401673,0.005259995473511209
2024-W13,169,1970-01-01 00:00:00.000044646,314963.7629950468,70.2445534563545,0.9985967905231999,25.7995275964438,16307.588666666668,644288.5262054572,66.4752368918327,0.5093056498777486,37.60559437581227,120566.06666666667,785.9479839432546,21.929820061335903,0.5878413942419545,78.87667793599407,0.0,4221.695767459589,500304.305736,541364.257128,0.0,0.0,361648.451268,0.0,0.0,138655.854468,0.0,541364.257128,0.0,0.0,7318.213050670884,9345.581741015629,0.6962594411541796,0.9527843183409204,1.655466252277599,0.005190386105587283
2024-W14,170,1970-01-01 00:00:00.000044653,370313.1688179614,68.751469638339,0.9339523967015644,19.499435237525866,18392.970666666664,693963.7548172096,65.5353748523901,0.51634533642048,24.63634263957387,96068.45733333332,559.688005298346,24.335628114098213,6.742316920376834,78.23810945828272,0.0,4886.500236642436,484359.15728700004,531889.034727,0.0,0.0,275794.99285800004,0.0,0.0,208564.16442900003,0.0,531889.034727,0.0,0.0,0.0,3204694.5776889278,1.2535131944120712,1.2107556951786718,1.408112496832369,0.005881229443206907
2024-W15,171,1970-01-01 00:00:00.000044660,384637.9557453996,68.8389223303699,0.9197265316547071,28.379928532973665,30328.414,684035.2052343505,60.923202631429504,0.5345481550121507,18.514905882302134,69018.86,787.2966549025022,62.22718214755431,2.7857259615190797,0.0,0.0,4510.557792991023,470100.194055,327098.33950500004,0.0,0.0,309259.586082,0.0,0.0,160840.607973,0.0,327098.33950500004,0.0,0.0,0.0,1418236.3212923917,1.1111805041535718,0.5581895105734935,1.2541432284450993,0.005997245056413429
2024-W16,172,1970-01-01 00:00:00.000043937,371292.13430936023,67.5710658774147,0.9416393804982429,11.378180904150932,9832.976666666667,704319.5318887585,58.1727785012108,0.5266053811938871,21.4480474921792,86110.522,354.9699679034868,75.13587522782916,8.76478652274304,0.0,0.0,5103.512879566786,747474.063486,189429.20110500001,0.0,0.0,412593.884328,0.0,270568.27671,64311.902448,0.0,189429.20110500001,0.0,0.0,0.0,28348.86162346969,1.219601572578138,0.8808910859701062,1.1609388195179569,0.006484849363598242
2024-W17,173,1970-01-01 00:00:00.000043944,379882.47919586924,69.0133210857426,0.9357983907294642,25.614169018508733,24946.694666666666,745714.2964969896,59.484653711808406,0.5195908434448393,36.88421232960854,162165.42266666665,232.82586617226934,59.613176895092266,2.0002260123473,75.62192960681678,0.0,4550.531280220789,780400.1505270001,1120443.576696,0.0,0.0,392254.970364,0.0,350861.315262,37283.864901,0.0,1120443.576696,0.0,0.0,0.0,846384.9410698183,1.29201793380465,0.5228086246720891,1.710685352659683,0.006285844479630847
2024-W18,174,1970-01-01 00:00:00.000043951,380966.10741639475,71.7604967690548,0.9371501692621357,28.94291357717027,25642.747333333333,743240.1186695993,58.1909312356361,0.5207035100821186,38.0417664670942,163436.87466666667,326.0761467422581,37.76040174849142,9.22745834751518,78.44577853282625,0.0,4997.4123302986545,724511.9766330001,1073861.156064,0.0,0.0,359635.10555100004,0.0,352159.48812600004,12717.382956000001,0.0,1073861.156064,0.0,0.0,902133.0683826897,173661.57986954626,0.8688996338950452,1.2973641849989663,1.648567001160652,0.010704769098859389
2024-W19,175,1970-01-01 00:00:00.000043958,400739.60872366984,74.9749117811347,0.9169753455300714,43.12929612048546,39833.333999999995,740844.534298526,57.467249036417,0.5371269695647343,29.570492804997468,122642.52733333333,282.00745988388525,51.5991088137036,12.275081775097613,0.0,0.0,5492.039909383675,794056.484118,767617.989792,0.0,0.0,419671.02026400005,0.0,351815.31528000004,22570.148574000003,0.0,767617.989792,0.0,0.0,0.0,346011.8214217037,0.9562261962955967,1.0762454378033106,2.2070340988042814,0.008310105222761419
2024-W20,176,1970-01-01 00:00:00.000043965,381478.57738017215,74.8262557536265,0.9196432410030857,36.92892623573713,30811.648,774248.1223742167,59.4227345827514,0.4894358774592543,38.6978618249772,189913.5,746.0406173808295,85.19868110946778,5.2230191975320475,0.0,0.0,6406.829449985475,577529.233119,844521.645564,0.0,0.0,188579.238126,0.0,365856.389619,23093.605374000002,0.0,844521.645564,0.0,0.0,0.0,13269594.393218858,0.6770549487022663,0.6518945811787216,1.868896071286458,0.005199701227815563
2024-W21,177,1970-01-01 00:00:00.000043972,374143.4016523611,74.6021675691178,0.9495934252873214,27.259772062425398,19506.022,727456.4667387321,61.386780798379206,0.5277772135687907,35.48887847614627,142863.4,288.7125301864513,34.214477081332056,14.722724245689994,76.35972318913942,0.0,6541.801205579618,645437.2837830001,612095.7029070001,0.0,0.0,268897.140876,0.0,338744.59898400004,37795.543923000005,0.0,612095.7029070001,0.0,0.0,9187.893325230922,188446.51513441425,0.8182824835809891,0.5789365389198741,1.8061252427848746,0.00542715957604384
2024-W22,178,1970-01-01 00:00:00.000043979,414253.34518866596,74.3822150646187,0.9575253457625142,33.79959015443593,31694.028000000002,778478.3535847353,63.3798359948387,0.5295686563077621,34.56381240720693,154528.982,892.9379655900872,15.691767665459505,8.33278462254186,73.33421365576308,0.0,3306.3059477885636,762210.681048,604146.3570780001,0.0,5076.117142335542,390475.217244,0.0,338418.747126,33316.716678000004,0.0,604146.3570780001,0.0,0.0,33542.866352861274,3738696.364438837,1.35223976434254,1.415609702425902,1.1629518672130987,0.0038027716252937247
2024-W23,179,1970-01-01 00:00:00.000043986,399270.2355548182,72.788688919155,0.9778983470038429,37.664571973852595,37237.57666666667,772459.4908472548,63.848763106487596,0.5240039216169557,33.28362621925007,147944.67066666667,489.38561356289773,57.27855645264922,6.259103979886513,0.0,0.0,7213.31835554003,578932.097343,585606.825864,0.0,0.0,270685.40016900003,0.0,308246.69717400003,0.0,0.0,585606.825864,0.0,0.0,0.0,4407880.422662462,0.8247038743521287,0.8774022485302482,1.0111457580686014,0.0037633093802176285
2024-W24,180,1970-01-01 00:00:00.000043993,391959.70456157863,73.3028373457118,0.9890190055057572,33.723577405778464,32106.820666666667,771227.3341888239,64.4598894881163,0.5180163900806636,37.06157403413173,167089.182,580.6536979001286,45.58219058690365,6.853369263124306,0.0,0.0,6187.681961294654,620467.0857810001,306842.524308,0.0,0.0,327915.586434,0.0,257473.35053700002,35078.14881,0.0,306842.524308,0.0,0.0,0.0,2802122.8209497207,1.5518235330168884,1.2406280880655824,0.6519695371427798,0.004822354094641606
2024-W25,181,1970-01-01 00:00:00.000044000,395458.1419063211,73.5657186726889,0.9853938805377572,35.791482278739004,33646.828,757825.0187213403,61.4656285946012,0.5288992825665464,36.6942521381012,158297.59066666666,1278.2454153808703,60.523324825627554,83.22246116312192,78.17323532707877,0.0,5109.807252269814,461518.77414000005,328426.611135,0.0,0.0,115199.10093900001,0.0,245521.523151,100798.15005000001,0.0,328426.611135,0.0,0.0,18945.401477103864,2802837.771545241,0.8395808697475801,1.3554284279191815,0.6763446925182462,0.004288851639750274
2024-W26,182,1970-01-01 00:00:00.000044007,412189.4649308737,76.1845725152647,0.9415214373955786,41.18205492760993,47038.920000000006,753664.5029454419,59.63919540009449,0.5176862542741971,36.9543211322348,156674.44266666667,529.6481185398542,105.29679439838554,6.467603388622086,72.71230775617673,0.0,3839.7327844435235,518182.318419,284119.26462000003,0.0,0.0,169624.21307700002,0.0,234546.597018,114011.50832400001,0.0,284119.26462000003,0.0,0.0,0.0,4225465.455833346,0.28626778208135056,1.075760697565761,1.1703948491666991,0.003546351715228484
2024-W27,183,1970-01-01 00:00:00.000044014,407536.6560200444,76.5465417237938,0.9245537052420001,40.71505580758913,46676.969333333334,745258.2559086481,61.3624239333039,0.5060716812281486,35.1398236935346,148210.01266666668,703.4686761295173,70.64447990206133,7.328944113260476,0.0,0.0,5322.470163893948,162069.422811,0.0,0.0,0.0,62297.248089,0.0,62102.260431,37669.914291,0.0,0.0,0.0,0.0,11669.739057241446,14298401.055760557,1.9843516640152756,1.8118421658950603,1.5217640307645341,0.004291222761772014
2024-W28,184,1970-01-01 00:00:00.000044021,369386.2328241268,72.9041963491827,0.9925915197216285,36.030428826613736,30690.606,712331.801901333,61.9262270875534,0.5106569911926114,32.961509045376395,124853.668,407.54340661946156,100.37669370220824,100.37669370220833,0.0,0.0,5756.980286311813,0.0,0.0,0.0,0.0,165569.16058195088,22776.77814006559,61173.58108749786,67666.98522060677,35523.348103295066,427240.7084836657,83403.87366432774,149195.47273244808,1767519.5152687908,23883048.493066244,1.3290387649931295,1.470996298375416,0.7821442428756207,0.004285464322576374
